{
  "type": "FeatureCollection",
  "generator": "overpass-turbo",
  "copyright": "The data included in this document is from www.openstreetmap.org. The data is made available under ODbL.",
  "timestamp": "2026-03-28T19:13:01Z",
  "features": [
    {
      "type": "Feature",
      "properties": {
        "@id": "way/582851127",
        "bridge": "viaduct",
        "electrified": "contact_line",
        "frequency": "50",
        "gauge": "1435",
        "layer": "2",
        "name": "Pune Metro Line 1: Purple Line",
        "operator": "MahaMetro",
        "railway": "subway",
        "usage": "main",
        "voltage": "25000",
        "wikidata": "Q59155676",
        "wikipedia": "en:Purple Line (Pune Metro)"
      },
      "geometry": {
        "type": "LineString",
        "coordinates": [
          [
            73.8033009,
            18.6293297
          ],
          [
            73.8038955,
            18.6286258
          ],
          [
            73.8068209,
            18.6251625
          ],
          [
            73.8069737,
            18.6249716
          ],
          [
            73.8071248,
            18.6247425
          ],
          [
            73.8072373,
            18.6245397
          ],
          [
            73.8073517,
            18.62435
          ],
          [
            73.8074958,
            18.6241444
          ],
          [
            73.8076982,
            18.6238964
          ],
          [
            73.8157578,
            18.614536
          ],
          [
            73.8175411,
            18.6124647
          ],
          [
            73.8177952,
            18.6121752
          ],
          [
            73.8180417,
            18.611864
          ],
          [
            73.8182479,
            18.6115769
          ],
          [
            73.8184962,
            18.6112511
          ],
          [
            73.8189831,
            18.6106346
          ],
          [
            73.8201121,
            18.6093152
          ],
          [
            73.8242735,
            18.6044516
          ],
          [
            73.8250414,
            18.6034968
          ],
          [
            73.8253549,
            18.6030984
          ],
          [
            73.8255736,
            18.60279
          ],
          [
            73.8257699,
            18.6024766
          ],
          [
            73.8259937,
            18.6020854
          ],
          [
            73.8262368,
            18.6016853
          ],
          [
            73.8264407,
            18.6013304
          ],
          [
            73.826648,
            18.6009843
          ],
          [
            73.8268466,
            18.6005767
          ],
          [
            73.8272797,
            18.5996273
          ],
          [
            73.8304554,
            18.5926659
          ],
          [
            73.8311642,
            18.591112
          ],
          [
            73.831766,
            18.5897927
          ],
          [
            73.8322985,
            18.5886254
          ],
          [
            73.8324757,
            18.5882193
          ],
          [
            73.8326525,
            18.5878129
          ],
          [
            73.8327864,
            18.5874131
          ],
          [
            73.8329341,
            18.5868804
          ],
          [
            73.8330385,
            18.5865212
          ],
          [
            73.8333203,
            18.5856026
          ],
          [
            73.8335166,
            18.5848535
          ],
          [
            73.8337957,
            18.5837471
          ],
          [
            73.8338966,
            18.5833473
          ],
          [
            73.833944,
            18.5831446
          ],
          [
            73.8340469,
            18.5827325
          ],
          [
            73.8342436,
            18.5818823
          ],
          [
            73.8347383,
            18.5798793
          ],
          [
            73.8349888,
            18.5787875
          ],
          [
            73.8353575,
            18.577275
          ],
          [
            73.8354969,
            18.5767693
          ],
          [
            73.8356889,
            18.5762088
          ],
          [
            73.8367381,
            18.57337
          ],
          [
            73.836859,
            18.5730575
          ],
          [
            73.8373099,
            18.5717535
          ],
          [
            73.837576,
            18.5710435
          ],
          [
            73.8378922,
            18.5702689
          ]
        ]
      },
      "id": "way/582851127"
    },
    {
      "type": "Feature",
      "properties": {
        "@id": "way/586112436",
        "electrified": "contact_line",
        "frequency": "50",
        "gauge": "1435",
        "layer": "-2",
        "name": "Pune Metro Line 1: Purple Line",
        "railway": "subway",
        "tunnel": "yes",
        "usage": "main",
        "voltage": "25000",
        "wikidata": "Q59155676",
        "wikipedia": "en:Purple Line (Pune Metro)"
      },
      "geometry": {
        "type": "LineString",
        "coordinates": [
          [
            73.8475927,
            18.5410308
          ],
          [
            73.8476007,
            18.5408945
          ],
          [
            73.8476141,
            18.5406697
          ],
          [
            73.8476844,
            18.539598
          ],
          [
            73.84776,
            18.5389457
          ],
          [
            73.8480025,
            18.5380579
          ],
          [
            73.8482788,
            18.537088
          ],
          [
            73.8486027,
            18.5359072
          ],
          [
            73.8488479,
            18.5349736
          ],
          [
            73.8489577,
            18.5345458
          ],
          [
            73.8491754,
            18.5337187
          ],
          [
            73.8491988,
            18.5336296
          ],
          [
            73.8493048,
            18.5332609
          ],
          [
            73.8496014,
            18.5321548
          ],
          [
            73.8498515,
            18.5312146
          ],
          [
            73.8498579,
            18.5311907
          ],
          [
            73.8500256,
            18.5300902
          ],
          [
            73.8502676,
            18.5295137
          ],
          [
            73.8506291,
            18.5289965
          ],
          [
            73.8510947,
            18.5285604
          ],
          [
            73.8512156,
            18.5284864
          ],
          [
            73.8516447,
            18.5282241
          ],
          [
            73.8522557,
            18.5280017
          ],
          [
            73.854497,
            18.5273867
          ],
          [
            73.85495,
            18.5272624
          ],
          [
            73.8561145,
            18.5269429
          ],
          [
            73.856888,
            18.5267307
          ],
          [
            73.8579537,
            18.5264553
          ],
          [
            73.8583181,
            18.5263674
          ],
          [
            73.858729,
            18.5262682
          ],
          [
            73.859407,
            18.5260029
          ],
          [
            73.8597593,
            18.5257608
          ],
          [
            73.8601626,
            18.5253568
          ],
          [
            73.8604289,
            18.5247671
          ],
          [
            73.8605631,
            18.5241383
          ],
          [
            73.8605568,
            18.5235693
          ],
          [
            73.8603921,
            18.5229458
          ],
          [
            73.8601412,
            18.5224247
          ],
          [
            73.8598236,
            18.521887
          ],
          [
            73.8596374,
            18.5215739
          ],
          [
            73.8595565,
            18.5214219
          ],
          [
            73.8593524,
            18.5210738
          ],
          [
            73.8579443,
            18.5187354
          ],
          [
            73.8575649,
            18.5182009
          ],
          [
            73.8572728,
            18.5177616
          ],
          [
            73.8569858,
            18.5173091
          ],
          [
            73.8568129,
            18.5169219
          ],
          [
            73.8566753,
            18.51658
          ],
          [
            73.8565903,
            18.5162259
          ],
          [
            73.8565426,
            18.5158656
          ],
          [
            73.8565327,
            18.5155026
          ],
          [
            73.8565606,
            18.5151404
          ],
          [
            73.8566047,
            18.5147419
          ],
          [
            73.8569526,
            18.5129035
          ],
          [
            73.8574898,
            18.5100645
          ],
          [
            73.8575649,
            18.5098051
          ],
          [
            73.8576776,
            18.5095838
          ],
          [
            73.8578466,
            18.5092964
          ],
          [
            73.8579338,
            18.5090153
          ],
          [
            73.8579726,
            18.5087165
          ],
          [
            73.8580364,
            18.5076154
          ],
          [
            73.8580363,
            18.5075075
          ],
          [
            73.8581121,
            18.5033827
          ],
          [
            73.8580906,
            18.5029605
          ],
          [
            73.8580531,
            18.5025637
          ],
          [
            73.8579404,
            18.5020982
          ],
          [
            73.8578346,
            18.5016481
          ],
          [
            73.8575924,
            18.500568
          ],
          [
            73.8574064,
            18.49975
          ]
        ]
      },
      "id": "way/586112436"
    },
    {
      "type": "Feature",
      "properties": {
        "@id": "way/1039564317",
        "bridge": "viaduct",
        "electrified": "contact_line",
        "frequency": "50",
        "gauge": "1435",
        "layer": "2",
        "name": "Pune Metro Line 2: Aqua Line",
        "operator": "MahaMetro",
        "railway": "subway",
        "usage": "main",
        "voltage": "25000"
      },
      "geometry": {
        "type": "LineString",
        "coordinates": [
          [
            73.9081249,
            18.5567271
          ],
          [
            73.9080096,
            18.5566528
          ],
          [
            73.907876,
            18.5565648
          ],
          [
            73.9076974,
            18.5564345
          ],
          [
            73.9075091,
            18.5562871
          ],
          [
            73.9073026,
            18.5561094
          ],
          [
            73.9068765,
            18.5557321
          ],
          [
            73.9066736,
            18.5555576
          ],
          [
            73.9065384,
            18.5554294
          ],
          [
            73.9064465,
            18.5553296
          ],
          [
            73.9063552,
            18.5552167
          ],
          [
            73.9062922,
            18.5551157
          ],
          [
            73.9062325,
            18.554995
          ],
          [
            73.9061942,
            18.5548819
          ],
          [
            73.9061674,
            18.5547649
          ],
          [
            73.9061473,
            18.5546022
          ],
          [
            73.9061205,
            18.5542144
          ],
          [
            73.9060655,
            18.5531019
          ],
          [
            73.9060427,
            18.5526913
          ],
          [
            73.906036,
            18.5526036
          ],
          [
            73.9060186,
            18.5524548
          ],
          [
            73.9059716,
            18.5522209
          ],
          [
            73.905918,
            18.5519602
          ],
          [
            73.9058871,
            18.5517708
          ],
          [
            73.9057408,
            18.5504504
          ],
          [
            73.9057315,
            18.5502498
          ],
          [
            73.9057299,
            18.550008
          ],
          [
            73.905735,
            18.5498298
          ],
          [
            73.9057712,
            18.5495221
          ],
          [
            73.9058611,
            18.5490174
          ],
          [
            73.9059214,
            18.5484592
          ],
          [
            73.9059831,
            18.5478159
          ],
          [
            73.9060542,
            18.5465101
          ],
          [
            73.9060931,
            18.545896
          ],
          [
            73.9060743,
            18.5455374
          ],
          [
            73.9060408,
            18.5452348
          ],
          [
            73.9060247,
            18.5451369
          ],
          [
            73.9060099,
            18.5450708
          ],
          [
            73.905967,
            18.5449805
          ],
          [
            73.9057122,
            18.5444493
          ],
          [
            73.9056572,
            18.5443346
          ],
          [
            73.9053903,
            18.5437446
          ],
          [
            73.9052763,
            18.5435412
          ],
          [
            73.9051784,
            18.5434102
          ],
          [
            73.9050135,
            18.5432628
          ],
          [
            73.9048177,
            18.5430936
          ],
          [
            73.9046205,
            18.5429957
          ],
          [
            73.9045119,
            18.5429601
          ],
          [
            73.904241,
            18.5429017
          ],
          [
            73.9040103,
            18.5429067
          ],
          [
            73.9037435,
            18.5429398
          ],
          [
            73.903604,
            18.5429589
          ],
          [
            73.9032164,
            18.5430237
          ],
          [
            73.9012222,
            18.5434115
          ],
          [
            73.9006882,
            18.5435001
          ],
          [
            73.8995431,
            18.54369
          ],
          [
            73.8993259,
            18.5437281
          ],
          [
            73.8990241,
            18.5437841
          ],
          [
            73.8987653,
            18.5438527
          ],
          [
            73.8982905,
            18.5439888
          ],
          [
            73.8981524,
            18.5440396
          ],
          [
            73.8979821,
            18.5441096
          ],
          [
            73.8972244,
            18.5444694
          ],
          [
            73.8970299,
            18.544533
          ],
          [
            73.8967939,
            18.5445978
          ],
          [
            73.89659,
            18.5446309
          ],
          [
            73.894801,
            18.5448178
          ],
          [
            73.8939132,
            18.5449093
          ],
          [
            73.8928725,
            18.5450123
          ],
          [
            73.8925935,
            18.5450365
          ],
          [
            73.8924098,
            18.5450593
          ],
          [
            73.8922515,
            18.5450962
          ],
          [
            73.8920691,
            18.5451547
          ],
          [
            73.8918935,
            18.5452297
          ],
          [
            73.891758,
            18.5452984
          ],
          [
            73.8916132,
            18.5453976
          ],
          [
            73.8914817,
            18.5455005
          ],
          [
            73.8912122,
            18.5457276
          ],
          [
            73.8910162,
            18.5458902
          ],
          [
            73.8908641,
            18.5459959
          ],
          [
            73.8907298,
            18.5460632
          ],
          [
            73.890576,
            18.5461225
          ],
          [
            73.890425,
            18.5461615
          ],
          [
            73.8903191,
            18.5461805
          ],
          [
            73.8901756,
            18.5461907
          ],
          [
            73.8900737,
            18.546192
          ],
          [
            73.8899704,
            18.5461843
          ],
          [
            73.8898309,
            18.546164
          ],
          [
            73.889725,
            18.5461348
          ],
          [
            73.8895734,
            18.5460814
          ],
          [
            73.8892596,
            18.5459593
          ],
          [
            73.8890128,
            18.5458779
          ],
          [
            73.887267,
            18.545424
          ],
          [
            73.8866239,
            18.5452822
          ],
          [
            73.8862169,
            18.5451926
          ],
          [
            73.8855175,
            18.5450549
          ],
          [
            73.8853341,
            18.5450225
          ],
          [
            73.8851839,
            18.5449882
          ],
          [
            73.8850811,
            18.5449455
          ],
          [
            73.8849237,
            18.5448929
          ],
          [
            73.8848044,
            18.5448185
          ],
          [
            73.8846321,
            18.54469
          ],
          [
            73.8845158,
            18.5445791
          ],
          [
            73.8844159,
            18.5444466
          ],
          [
            73.8843405,
            18.5443268
          ],
          [
            73.8842647,
            18.5441776
          ],
          [
            73.8842076,
            18.5440247
          ],
          [
            73.8841727,
            18.5439031
          ],
          [
            73.8841555,
            18.543799
          ],
          [
            73.8841447,
            18.5436617
          ],
          [
            73.8841418,
            18.5435491
          ],
          [
            73.8841534,
            18.5434444
          ],
          [
            73.8842721,
            18.5428735
          ],
          [
            73.8842908,
            18.5427641
          ],
          [
            73.8843082,
            18.5426534
          ],
          [
            73.884319,
            18.5425199
          ],
          [
            73.8843163,
            18.5423865
          ],
          [
            73.8843056,
            18.5422682
          ],
          [
            73.8842859,
            18.5421503
          ],
          [
            73.8842555,
            18.5420026
          ],
          [
            73.8842102,
            18.5418468
          ],
          [
            73.8841588,
            18.5417026
          ],
          [
            73.8840886,
            18.5415648
          ],
          [
            73.8839886,
            18.5414026
          ],
          [
            73.8838877,
            18.5412495
          ],
          [
            73.8837828,
            18.5410814
          ],
          [
            73.8834875,
            18.5406316
          ],
          [
            73.8834544,
            18.5405802
          ],
          [
            73.8828274,
            18.539613
          ],
          [
            73.8823493,
            18.5388672
          ],
          [
            73.880577,
            18.5361433
          ],
          [
            73.8799171,
            18.5351593
          ],
          [
            73.8795637,
            18.5346739
          ],
          [
            73.8790847,
            18.5339644
          ],
          [
            73.8789367,
            18.5337807
          ],
          [
            73.878859,
            18.533698
          ],
          [
            73.8787705,
            18.5336141
          ],
          [
            73.878542,
            18.533408
          ],
          [
            73.8784855,
            18.5333599
          ],
          [
            73.8782509,
            18.533135
          ],
          [
            73.8777633,
            18.5327068
          ],
          [
            73.8775926,
            18.5325569
          ],
          [
            73.8767058,
            18.5317886
          ],
          [
            73.8761519,
            18.5313141
          ],
          [
            73.8753065,
            18.5305144
          ],
          [
            73.8748684,
            18.5301286
          ],
          [
            73.8747501,
            18.5300454
          ],
          [
            73.8745311,
            18.5299203
          ],
          [
            73.874307,
            18.5298472
          ],
          [
            73.8740957,
            18.5298023
          ],
          [
            73.8737343,
            18.5297791
          ],
          [
            73.8729662,
            18.5297397
          ],
          [
            73.872597,
            18.5297234
          ],
          [
            73.8714415,
            18.5296722
          ],
          [
            73.8709222,
            18.5296614
          ],
          [
            73.8706074,
            18.529654
          ],
          [
            73.8701905,
            18.5296865
          ],
          [
            73.8697218,
            18.5297441
          ],
          [
            73.8693857,
            18.5298112
          ],
          [
            73.8684778,
            18.5300902
          ],
          [
            73.8682404,
            18.5301358
          ],
          [
            73.8680703,
            18.5301563
          ],
          [
            73.8679369,
            18.5301654
          ],
          [
            73.8675097,
            18.5301648
          ],
          [
            73.866884,
            18.5301299
          ],
          [
            73.866022,
            18.5300951
          ],
          [
            73.8654446,
            18.5300697
          ],
          [
            73.8644522,
            18.5300274
          ],
          [
            73.8639325,
            18.5299942
          ],
          [
            73.8636234,
            18.5299441
          ],
          [
            73.8632206,
            18.5298519
          ],
          [
            73.8627824,
            18.5297396
          ],
          [
            73.8624879,
            18.5296827
          ],
          [
            73.8621291,
            18.5296354
          ],
          [
            73.8617833,
            18.5295937
          ],
          [
            73.8614516,
            18.5295788
          ],
          [
            73.8611188,
            18.5295804
          ],
          [
            73.8606668,
            18.5296023
          ],
          [
            73.8604974,
            18.5295861
          ],
          [
            73.8603304,
            18.5295551
          ],
          [
            73.8601561,
            18.5295038
          ],
          [
            73.8599901,
            18.5294379
          ],
          [
            73.8598569,
            18.5293605
          ],
          [
            73.8597331,
            18.5292774
          ],
          [
            73.8595669,
            18.5291379
          ],
          [
            73.8594138,
            18.5289892
          ],
          [
            73.8593212,
            18.5288622
          ],
          [
            73.8588754,
            18.5282582
          ],
          [
            73.8584009,
            18.5275905
          ],
          [
            73.8581971,
            18.5273048
          ],
          [
            73.8575569,
            18.5264139
          ],
          [
            73.8574267,
            18.5262403
          ],
          [
            73.8572846,
            18.5260504
          ],
          [
            73.8568922,
            18.5254962
          ],
          [
            73.8567061,
            18.5252629
          ],
          [
            73.8564117,
            18.5249282
          ],
          [
            73.855932,
            18.524387
          ],
          [
            73.8557977,
            18.5242156
          ],
          [
            73.855451,
            18.5238552
          ],
          [
            73.8551557,
            18.5236043
          ],
          [
            73.8548512,
            18.5233944
          ],
          [
            73.8546428,
            18.523279
          ],
          [
            73.8542863,
            18.5231156
          ],
          [
            73.853912,
            18.5229555
          ],
          [
            73.8528226,
            18.5224972
          ],
          [
            73.8526712,
            18.5224329
          ],
          [
            73.8522879,
            18.5222788
          ],
          [
            73.8516533,
            18.5220139
          ],
          [
            73.8511507,
            18.5217845
          ],
          [
            73.8506469,
            18.5216505
          ],
          [
            73.8496238,
            18.5214298
          ],
          [
            73.8491889,
            18.5213156
          ],
          [
            73.8488996,
            18.5211962
          ],
          [
            73.8485199,
            18.521008
          ],
          [
            73.848297,
            18.5208759
          ],
          [
            73.848156,
            18.5207782
          ],
          [
            73.848048,
            18.5206892
          ],
          [
            73.8479414,
            18.5205913
          ],
          [
            73.8469712,
            18.5196592
          ],
          [
            73.8468751,
            18.5195673
          ],
          [
            73.8467296,
            18.5194227
          ],
          [
            73.8466122,
            18.5192891
          ],
          [
            73.8462606,
            18.5188148
          ],
          [
            73.8459805,
            18.5184539
          ],
          [
            73.845686,
            18.5180963
          ],
          [
            73.8454387,
            18.5177977
          ],
          [
            73.844956,
            18.5171307
          ],
          [
            73.8447238,
            18.5167975
          ],
          [
            73.844458,
            18.5164257
          ],
          [
            73.8439648,
            18.5157789
          ],
          [
            73.8438226,
            18.5155969
          ],
          [
            73.8435236,
            18.5151844
          ],
          [
            73.8433065,
            18.5148422
          ],
          [
            73.8430641,
            18.5144841
          ],
          [
            73.8428783,
            18.5142413
          ],
          [
            73.8424604,
            18.5138932
          ],
          [
            73.8423809,
            18.5138432
          ],
          [
            73.8420323,
            18.5136883
          ],
          [
            73.841417,
            18.5134545
          ],
          [
            73.8407205,
            18.5131795
          ],
          [
            73.8399533,
            18.5128632
          ],
          [
            73.8394131,
            18.512641
          ],
          [
            73.8390635,
            18.5124791
          ],
          [
            73.8380616,
            18.5119737
          ],
          [
            73.8368877,
            18.5113815
          ],
          [
            73.8362402,
            18.5110549
          ],
          [
            73.8357281,
            18.5108118
          ],
          [
            73.8353027,
            18.5106216
          ],
          [
            73.8344889,
            18.5102695
          ],
          [
            73.8340879,
            18.510073
          ],
          [
            73.8336946,
            18.509866
          ],
          [
            73.8293235,
            18.5076189
          ],
          [
            73.8287889,
            18.507341
          ],
          [
            73.8280904,
            18.5070027
          ],
          [
            73.8279361,
            18.5069268
          ],
          [
            73.8277705,
            18.5068625
          ],
          [
            73.8275376,
            18.5067866
          ],
          [
            73.8273134,
            18.5067394
          ],
          [
            73.8271171,
            18.5066794
          ],
          [
            73.8269258,
            18.506605
          ],
          [
            73.8261419,
            18.5062282
          ],
          [
            73.8259787,
            18.5061602
          ],
          [
            73.8258152,
            18.5061131
          ],
          [
            73.8256646,
            18.5060866
          ],
          [
            73.8254322,
            18.5060783
          ],
          [
            73.825202,
            18.5060985
          ],
          [
            73.8249679,
            18.5061602
          ],
          [
            73.8247265,
            18.5062566
          ],
          [
            73.8242992,
            18.5065208
          ],
          [
            73.8240542,
            18.5066832
          ],
          [
            73.8238812,
            18.5068362
          ],
          [
            73.8237009,
            18.5070389
          ],
          [
            73.8234237,
            18.5073832
          ],
          [
            73.8221254,
            18.5088771
          ],
          [
            73.8217075,
            18.509358
          ],
          [
            73.821468,
            18.5096192
          ],
          [
            73.8212454,
            18.5098362
          ],
          [
            73.8210438,
            18.5100024
          ],
          [
            73.8208189,
            18.5101468
          ],
          [
            73.8205912,
            18.5102618
          ],
          [
            73.8203647,
            18.5103416
          ],
          [
            73.8201744,
            18.5103934
          ],
          [
            73.8199803,
            18.5104244
          ],
          [
            73.8197197,
            18.5104512
          ],
          [
            73.8193934,
            18.5104466
          ],
          [
            73.8185632,
            18.5103895
          ],
          [
            73.8182306,
            18.5103615
          ],
          [
            73.8178327,
            18.5103188
          ],
          [
            73.8174073,
            18.5102458
          ],
          [
            73.8154844,
            18.5098332
          ],
          [
            73.814821,
            18.5096758
          ],
          [
            73.8144185,
            18.5096008
          ],
          [
            73.8140793,
            18.5095528
          ],
          [
            73.8139291,
            18.5095316
          ],
          [
            73.813406,
            18.5094862
          ],
          [
            73.8122937,
            18.5094269
          ],
          [
            73.8121779,
            18.5094141
          ],
          [
            73.8120412,
            18.5093868
          ],
          [
            73.8119302,
            18.5093585
          ],
          [
            73.8117871,
            18.5093173
          ],
          [
            73.811648,
            18.5092618
          ],
          [
            73.8115368,
            18.5092101
          ],
          [
            73.811437,
            18.5091561
          ],
          [
            73.8113475,
            18.5091031
          ],
          [
            73.8112544,
            18.5090331
          ],
          [
            73.8108093,
            18.5086707
          ],
          [
            73.8107272,
            18.5086056
          ],
          [
            73.8106152,
            18.5085302
          ],
          [
            73.8105119,
            18.5084715
          ],
          [
            73.8103921,
            18.508412
          ],
          [
            73.8102812,
            18.5083648
          ],
          [
            73.8101757,
            18.5083279
          ],
          [
            73.8100438,
            18.5082928
          ],
          [
            73.8098957,
            18.5082645
          ],
          [
            73.8093909,
            18.5082064
          ],
          [
            73.8092482,
            18.5081817
          ],
          [
            73.8090904,
            18.5081418
          ],
          [
            73.808942,
            18.5080906
          ],
          [
            73.8088166,
            18.5080336
          ],
          [
            73.8086949,
            18.5079646
          ],
          [
            73.8082448,
            18.5076625
          ],
          [
            73.8081089,
            18.5075921
          ],
          [
            73.808,
            18.507542
          ],
          [
            73.8078672,
            18.5074928
          ],
          [
            73.8077515,
            18.5074586
          ],
          [
            73.8076326,
            18.5074331
          ],
          [
            73.8075065,
            18.5074128
          ],
          [
            73.807015,
            18.5073605
          ],
          [
            73.8060183,
            18.5072544
          ],
          [
            73.8052269,
            18.5071744
          ]
        ]
      },
      "id": "way/1039564317"
    },
    {
      "type": "Feature",
      "properties": {
        "@id": "way/1039564318",
        "bridge": "viaduct",
        "electrified": "contact_line",
        "frequency": "50",
        "gauge": "1435",
        "layer": "2",
        "name": "Pune Metro Line 2: Aqua Line",
        "operator": "MahaMetro",
        "railway": "subway",
        "usage": "main",
        "voltage": "25000"
      },
      "geometry": {
        "type": "LineString",
        "coordinates": [
          [
            73.805226,
            18.5072121
          ],
          [
            73.8060127,
            18.5072926
          ],
          [
            73.8065355,
            18.5073474
          ],
          [
            73.8070101,
            18.5073972
          ],
          [
            73.8074799,
            18.5074492
          ],
          [
            73.8076163,
            18.5074671
          ],
          [
            73.8077428,
            18.507497
          ],
          [
            73.8078504,
            18.5075282
          ],
          [
            73.8079897,
            18.5075774
          ],
          [
            73.8080909,
            18.5076244
          ],
          [
            73.8082236,
            18.5076946
          ],
          [
            73.8086723,
            18.507994
          ],
          [
            73.8087984,
            18.5080685
          ],
          [
            73.8089267,
            18.5081253
          ],
          [
            73.8090727,
            18.5081755
          ],
          [
            73.8092394,
            18.5082181
          ],
          [
            73.8093791,
            18.5082435
          ],
          [
            73.8095856,
            18.5082644
          ],
          [
            73.8098933,
            18.5083028
          ],
          [
            73.8100277,
            18.5083274
          ],
          [
            73.810163,
            18.5083631
          ],
          [
            73.8102657,
            18.5083988
          ],
          [
            73.8103722,
            18.5084447
          ],
          [
            73.8104902,
            18.5085028
          ],
          [
            73.8105961,
            18.5085633
          ],
          [
            73.8107071,
            18.5086371
          ],
          [
            73.8107826,
            18.5086988
          ],
          [
            73.8112272,
            18.5090606
          ],
          [
            73.8113185,
            18.5091289
          ],
          [
            73.8114159,
            18.5091888
          ],
          [
            73.8115105,
            18.509239
          ],
          [
            73.8116296,
            18.5092965
          ],
          [
            73.8117719,
            18.5093527
          ],
          [
            73.8119194,
            18.5093947
          ],
          [
            73.8120226,
            18.5094211
          ],
          [
            73.8121674,
            18.5094507
          ],
          [
            73.8122881,
            18.5094636
          ],
          [
            73.8133948,
            18.5095227
          ],
          [
            73.8139242,
            18.5095672
          ],
          [
            73.8140732,
            18.5095883
          ],
          [
            73.814412,
            18.5096362
          ],
          [
            73.8148127,
            18.5097109
          ],
          [
            73.8154756,
            18.5098682
          ],
          [
            73.8173997,
            18.510281
          ],
          [
            73.8178272,
            18.5103544
          ],
          [
            73.8182268,
            18.5103973
          ],
          [
            73.8185602,
            18.5104253
          ],
          [
            73.8193917,
            18.5104825
          ],
          [
            73.8197215,
            18.5104872
          ],
          [
            73.8199855,
            18.51046
          ],
          [
            73.8201828,
            18.5104285
          ],
          [
            73.8203765,
            18.5103758
          ],
          [
            73.8206068,
            18.5102946
          ],
          [
            73.8208385,
            18.5101776
          ],
          [
            73.8210669,
            18.5100309
          ],
          [
            73.8212715,
            18.5098623
          ],
          [
            73.8214958,
            18.5096436
          ],
          [
            73.8217364,
            18.5093813
          ],
          [
            73.8221601,
            18.5088937
          ],
          [
            73.8234534,
            18.5074055
          ],
          [
            73.8237305,
            18.5070614
          ],
          [
            73.8239087,
            18.506861
          ],
          [
            73.8240781,
            18.5067112
          ],
          [
            73.8243204,
            18.5065506
          ],
          [
            73.8247535,
            18.5062878
          ],
          [
            73.8249745,
            18.506195
          ],
          [
            73.8252087,
            18.5061341
          ],
          [
            73.8254373,
            18.5061118
          ],
          [
            73.8256608,
            18.5061225
          ],
          [
            73.825798,
            18.5061471
          ],
          [
            73.8259654,
            18.5061943
          ],
          [
            73.8261263,
            18.5062616
          ],
          [
            73.8269086,
            18.5066434
          ],
          [
            73.8270983,
            18.5067158
          ],
          [
            73.827303,
            18.506774
          ],
          [
            73.8275282,
            18.5068214
          ],
          [
            73.8277568,
            18.5068978
          ],
          [
            73.8279113,
            18.5069587
          ],
          [
            73.8280718,
            18.5070353
          ],
          [
            73.8287717,
            18.507373
          ],
          [
            73.8293064,
            18.507649
          ],
          [
            73.8336764,
            18.5098975
          ],
          [
            73.83407,
            18.5101047
          ],
          [
            73.8344723,
            18.5103018
          ],
          [
            73.8352868,
            18.5106542
          ],
          [
            73.8357115,
            18.5108441
          ],
          [
            73.8362228,
            18.5110868
          ],
          [
            73.837187,
            18.5115732
          ],
          [
            73.8380406,
            18.5120038
          ],
          [
            73.8390457,
            18.5125108
          ],
          [
            73.8393997,
            18.5126715
          ],
          [
            73.8399374,
            18.5128852
          ],
          [
            73.8407876,
            18.5132297
          ],
          [
            73.8416324,
            18.5135596
          ],
          [
            73.8420207,
            18.5137207
          ],
          [
            73.8423603,
            18.5138739
          ],
          [
            73.8425836,
            18.5140171
          ],
          [
            73.8428534,
            18.5142498
          ],
          [
            73.8430422,
            18.5145136
          ],
          [
            73.8433645,
            18.5150066
          ],
          [
            73.8439326,
            18.5158032
          ],
          [
            73.8444257,
            18.5164682
          ],
          [
            73.8446856,
            18.5168128
          ],
          [
            73.8450645,
            18.5173411
          ],
          [
            73.8454196,
            18.5178209
          ],
          [
            73.8456881,
            18.5181589
          ],
          [
            73.8459563,
            18.5184839
          ],
          [
            73.8463755,
            18.5190206
          ],
          [
            73.8465817,
            18.5193102
          ],
          [
            73.8467048,
            18.5194484
          ],
          [
            73.8468505,
            18.5195979
          ],
          [
            73.847813,
            18.5205306
          ],
          [
            73.8479131,
            18.5206271
          ],
          [
            73.8480155,
            18.520717
          ],
          [
            73.848138,
            18.5208145
          ],
          [
            73.8482684,
            18.5209032
          ],
          [
            73.8484884,
            18.5210303
          ],
          [
            73.8488866,
            18.5212274
          ],
          [
            73.8491829,
            18.5213507
          ],
          [
            73.8496202,
            18.521469
          ],
          [
            73.8506273,
            18.5216872
          ],
          [
            73.8509877,
            18.5217851
          ],
          [
            73.8512755,
            18.5218812
          ],
          [
            73.851878,
            18.5221468
          ],
          [
            73.8522059,
            18.522279
          ],
          [
            73.8526541,
            18.5224658
          ],
          [
            73.8537626,
            18.5229358
          ],
          [
            73.8538961,
            18.5229933
          ],
          [
            73.8546194,
            18.5233046
          ],
          [
            73.8548268,
            18.5234236
          ],
          [
            73.8551444,
            18.5236434
          ],
          [
            73.8554332,
            18.5239005
          ],
          [
            73.8557634,
            18.5242638
          ],
          [
            73.856101,
            18.5246485
          ],
          [
            73.856665,
            18.5252834
          ],
          [
            73.8568529,
            18.5255165
          ],
          [
            73.8569631,
            18.5256713
          ],
          [
            73.8573858,
            18.526265
          ],
          [
            73.8580784,
            18.5272205
          ],
          [
            73.8581562,
            18.5273252
          ],
          [
            73.8586672,
            18.5280423
          ],
          [
            73.8591926,
            18.5287841
          ],
          [
            73.859391,
            18.5290328
          ],
          [
            73.8595975,
            18.5292238
          ],
          [
            73.859694,
            18.5292978
          ],
          [
            73.8597722,
            18.5293497
          ],
          [
            73.8599684,
            18.5294685
          ],
          [
            73.8601149,
            18.5295318
          ],
          [
            73.8603201,
            18.5296069
          ],
          [
            73.8604812,
            18.5296342
          ],
          [
            73.8606601,
            18.5296493
          ],
          [
            73.8610014,
            18.5296289
          ],
          [
            73.8613434,
            18.5296195
          ],
          [
            73.8616906,
            18.5296296
          ],
          [
            73.8621222,
            18.5296766
          ],
          [
            73.8624717,
            18.529725
          ],
          [
            73.8630005,
            18.529844
          ],
          [
            73.8634962,
            18.5299587
          ],
          [
            73.8639191,
            18.530032
          ],
          [
            73.8643109,
            18.5300624
          ],
          [
            73.86544,
            18.5301112
          ],
          [
            73.8659701,
            18.5301341
          ],
          [
            73.8665802,
            18.5301596
          ],
          [
            73.8668338,
            18.5301717
          ],
          [
            73.867608,
            18.530205
          ],
          [
            73.8679698,
            18.5302044
          ],
          [
            73.8681,
            18.5301948
          ],
          [
            73.8682507,
            18.5301728
          ],
          [
            73.8684429,
            18.5301356
          ],
          [
            73.8686287,
            18.5300865
          ],
          [
            73.8693577,
            18.5298564
          ],
          [
            73.8697019,
            18.5297867
          ],
          [
            73.8702174,
            18.5297228
          ],
          [
            73.8706104,
            18.5297033
          ],
          [
            73.8725976,
            18.5297781
          ],
          [
            73.8736984,
            18.5298195
          ],
          [
            73.8741259,
            18.5298472
          ],
          [
            73.8742822,
            18.5298808
          ],
          [
            73.8745165,
            18.5299612
          ],
          [
            73.8746844,
            18.5300532
          ],
          [
            73.8748359,
            18.5301594
          ],
          [
            73.8751112,
            18.5303926
          ],
          [
            73.8758506,
            18.5310826
          ],
          [
            73.8761262,
            18.53135
          ],
          [
            73.8764825,
            18.5316544
          ],
          [
            73.877163,
            18.5322218
          ],
          [
            73.8777309,
            18.5327359
          ],
          [
            73.8784573,
            18.5333935
          ],
          [
            73.878508,
            18.5334373
          ],
          [
            73.8787427,
            18.5336441
          ],
          [
            73.8788459,
            18.5337453
          ],
          [
            73.8789441,
            18.5338481
          ],
          [
            73.8791313,
            18.5341012
          ],
          [
            73.8793126,
            18.5343776
          ],
          [
            73.8796174,
            18.534822
          ],
          [
            73.8797415,
            18.5349858
          ],
          [
            73.8799479,
            18.5352755
          ],
          [
            73.8801657,
            18.5355988
          ],
          [
            73.8820046,
            18.5383823
          ],
          [
            73.8825296,
            18.5392059
          ],
          [
            73.8834176,
            18.540599
          ],
          [
            73.8838955,
            18.5413488
          ],
          [
            73.8840053,
            18.5415218
          ],
          [
            73.8840781,
            18.5416578
          ],
          [
            73.884134,
            18.5417846
          ],
          [
            73.8841768,
            18.5419121
          ],
          [
            73.8842112,
            18.542029
          ],
          [
            73.8842409,
            18.5421568
          ],
          [
            73.8842607,
            18.5422855
          ],
          [
            73.8842692,
            18.5424056
          ],
          [
            73.8842656,
            18.5425318
          ],
          [
            73.8842534,
            18.5426556
          ],
          [
            73.8842365,
            18.5427811
          ],
          [
            73.8842137,
            18.5429246
          ],
          [
            73.8841098,
            18.5434053
          ],
          [
            73.884098,
            18.5435076
          ],
          [
            73.8840967,
            18.5436004
          ],
          [
            73.8840998,
            18.5437431
          ],
          [
            73.8841168,
            18.543897
          ],
          [
            73.8841532,
            18.5440353
          ],
          [
            73.8842085,
            18.5441852
          ],
          [
            73.88429,
            18.5443455
          ],
          [
            73.8843724,
            18.5444671
          ],
          [
            73.884487,
            18.5446063
          ],
          [
            73.8846175,
            18.5447248
          ],
          [
            73.8847296,
            18.5448068
          ],
          [
            73.8848625,
            18.5448938
          ],
          [
            73.8849702,
            18.5449396
          ],
          [
            73.8850784,
            18.5450006
          ],
          [
            73.8853156,
            18.5450577
          ],
          [
            73.8854496,
            18.5450826
          ],
          [
            73.8857369,
            18.5451517
          ],
          [
            73.8866176,
            18.5453203
          ],
          [
            73.8871195,
            18.5454328
          ],
          [
            73.8884847,
            18.545802
          ],
          [
            73.8890057,
            18.5459145
          ],
          [
            73.8891626,
            18.5459608
          ],
          [
            73.8894074,
            18.5460503
          ],
          [
            73.8896063,
            18.5461331
          ],
          [
            73.8897227,
            18.5461737
          ],
          [
            73.8898263,
            18.5462046
          ],
          [
            73.8899264,
            18.5462219
          ],
          [
            73.890011,
            18.5462265
          ],
          [
            73.8901042,
            18.5462287
          ],
          [
            73.8902634,
            18.5462184
          ],
          [
            73.8904303,
            18.5461977
          ],
          [
            73.8905658,
            18.5461631
          ],
          [
            73.8906894,
            18.5461114
          ],
          [
            73.8908213,
            18.5460589
          ],
          [
            73.8909326,
            18.5459955
          ],
          [
            73.8911987,
            18.5457905
          ],
          [
            73.8913656,
            18.5456451
          ],
          [
            73.8914661,
            18.5455546
          ],
          [
            73.8916802,
            18.5453933
          ],
          [
            73.891883,
            18.5452773
          ],
          [
            73.8921292,
            18.5451709
          ],
          [
            73.8923588,
            18.5451116
          ],
          [
            73.8924957,
            18.5450876
          ],
          [
            73.8926966,
            18.5450657
          ],
          [
            73.8929432,
            18.5450438
          ],
          [
            73.8934418,
            18.5449953
          ],
          [
            73.8949172,
            18.5448478
          ],
          [
            73.8953784,
            18.5447978
          ],
          [
            73.8961118,
            18.5447183
          ],
          [
            73.8967051,
            18.5446523
          ],
          [
            73.8968699,
            18.5446184
          ],
          [
            73.8970982,
            18.544547
          ],
          [
            73.8973131,
            18.5444669
          ],
          [
            73.8975552,
            18.5443546
          ],
          [
            73.8978322,
            18.5442209
          ],
          [
            73.8981494,
            18.5440811
          ],
          [
            73.8982665,
            18.5440408
          ],
          [
            73.8983888,
            18.5440017
          ],
          [
            73.8986921,
            18.5439118
          ],
          [
            73.8989394,
            18.5438376
          ],
          [
            73.8990795,
            18.5438055
          ],
          [
            73.8991989,
            18.5437825
          ],
          [
            73.8995405,
            18.5437312
          ],
          [
            73.9002902,
            18.5436098
          ],
          [
            73.9014164,
            18.5434034
          ],
          [
            73.9032043,
            18.5430623
          ],
          [
            73.9035961,
            18.5429996
          ],
          [
            73.9038012,
            18.5429755
          ],
          [
            73.9039083,
            18.5429661
          ],
          [
            73.9040937,
            18.5429598
          ],
          [
            73.9041881,
            18.5429566
          ],
          [
            73.9042925,
            18.5429666
          ],
          [
            73.9044167,
            18.5429991
          ],
          [
            73.9045135,
            18.5430252
          ],
          [
            73.9046202,
            18.543071
          ],
          [
            73.9046734,
            18.5430976
          ],
          [
            73.9048037,
            18.5431615
          ],
          [
            73.9048883,
            18.5432211
          ],
          [
            73.9049676,
            18.5432845
          ],
          [
            73.9051587,
            18.5434762
          ],
          [
            73.9052887,
            18.5436984
          ],
          [
            73.9055921,
            18.5443103
          ],
          [
            73.9056677,
            18.5444651
          ],
          [
            73.905888,
            18.5449162
          ],
          [
            73.9059271,
            18.5450015
          ],
          [
            73.9059595,
            18.5450832
          ],
          [
            73.9059829,
            18.5452178
          ],
          [
            73.9060055,
            18.5454253
          ],
          [
            73.9060223,
            18.5456621
          ],
          [
            73.9060382,
            18.5459004
          ],
          [
            73.9060347,
            18.5461158
          ],
          [
            73.9060321,
            18.5463521
          ],
          [
            73.9060168,
            18.54666
          ],
          [
            73.9059745,
            18.5474108
          ],
          [
            73.9059554,
            18.5478175
          ],
          [
            73.9059296,
            18.5480489
          ],
          [
            73.905909,
            18.548299
          ],
          [
            73.9058563,
            18.5488448
          ],
          [
            73.9058305,
            18.5490261
          ],
          [
            73.9057948,
            18.5492217
          ],
          [
            73.9057718,
            18.5493427
          ],
          [
            73.9057556,
            18.5494389
          ],
          [
            73.905739,
            18.5495431
          ],
          [
            73.9057256,
            18.5496569
          ],
          [
            73.905718,
            18.549757
          ],
          [
            73.9057105,
            18.5498708
          ],
          [
            73.9057068,
            18.5499765
          ],
          [
            73.9057024,
            18.5501311
          ],
          [
            73.9057005,
            18.5502905
          ],
          [
            73.9057051,
            18.5504408
          ],
          [
            73.9057635,
            18.5509678
          ],
          [
            73.9058342,
            18.5515773
          ],
          [
            73.9058487,
            18.5517039
          ],
          [
            73.9058658,
            18.551828
          ],
          [
            73.9058982,
            18.5520194
          ],
          [
            73.905974,
            18.5523882
          ],
          [
            73.9059985,
            18.5525328
          ],
          [
            73.906008,
            18.5526265
          ],
          [
            73.9060213,
            18.5527691
          ],
          [
            73.9060419,
            18.5532855
          ],
          [
            73.9060606,
            18.5535963
          ],
          [
            73.9060792,
            18.5540978
          ],
          [
            73.9061024,
            18.5544773
          ],
          [
            73.9061154,
            18.5547025
          ],
          [
            73.9061225,
            18.5547904
          ],
          [
            73.9061527,
            18.5548984
          ],
          [
            73.9062014,
            18.5550209
          ],
          [
            73.9062568,
            18.5551328
          ],
          [
            73.9063224,
            18.5552404
          ],
          [
            73.9064125,
            18.5553565
          ],
          [
            73.9065163,
            18.5554636
          ],
          [
            73.9066492,
            18.5555874
          ],
          [
            73.9068544,
            18.5557679
          ],
          [
            73.9072863,
            18.5561438
          ],
          [
            73.9074788,
            18.5563123
          ],
          [
            73.9076696,
            18.5564642
          ],
          [
            73.9078502,
            18.5565897
          ],
          [
            73.9079855,
            18.5566863
          ]
        ]
      },
      "id": "way/1039564318"
    },
    {
      "type": "Feature",
      "properties": {
        "@id": "way/1039564319",
        "bridge": "yes",
        "electrified": "contact_line",
        "frequency": "50",
        "gauge": "1435",
        "layer": "2",
        "name": "Pune Metro Line 2: Aqua Line",
        "operator": "MahaMetro",
        "railway": "subway",
        "usage": "main",
        "voltage": "25000"
      },
      "geometry": {
        "type": "LineString",
        "coordinates": [
          [
            73.8052269,
            18.5071744
          ],
          [
            73.8041287,
            18.5070634
          ],
          [
            73.8032438,
            18.506962
          ],
          [
            73.8031111,
            18.5069485
          ],
          [
            73.8029831,
            18.5069408
          ],
          [
            73.8027627,
            18.5069398
          ],
          [
            73.8026327,
            18.5069504
          ],
          [
            73.8024829,
            18.5069743
          ],
          [
            73.8023625,
            18.5070032
          ],
          [
            73.8022525,
            18.5070343
          ],
          [
            73.8018622,
            18.507164
          ],
          [
            73.801762,
            18.5071906
          ],
          [
            73.8016497,
            18.507217
          ],
          [
            73.8015344,
            18.5072445
          ],
          [
            73.8013938,
            18.5072682
          ],
          [
            73.8010558,
            18.507311
          ],
          [
            73.8004114,
            18.5073874
          ],
          [
            73.8002352,
            18.5074075
          ],
          [
            73.799813,
            18.5074555
          ],
          [
            73.7993074,
            18.5075126
          ],
          [
            73.7985513,
            18.5076
          ],
          [
            73.7983999,
            18.5076175
          ]
        ]
      },
      "id": "way/1039564319"
    },
    {
      "type": "Feature",
      "properties": {
        "@id": "way/1039564320",
        "bridge": "yes",
        "electrified": "contact_line",
        "frequency": "50",
        "gauge": "1435",
        "layer": "2",
        "name": "Pune Metro Line 2: Aqua Line",
        "operator": "MahaMetro",
        "railway": "subway",
        "usage": "main",
        "voltage": "25000"
      },
      "geometry": {
        "type": "LineString",
        "coordinates": [
          [
            73.7984048,
            18.5076646
          ],
          [
            73.7985568,
            18.507647
          ],
          [
            73.7993066,
            18.5075623
          ],
          [
            73.7998233,
            18.5075045
          ],
          [
            73.8004142,
            18.5074344
          ],
          [
            73.8010591,
            18.5073537
          ],
          [
            73.8014065,
            18.5073101
          ],
          [
            73.8015458,
            18.5072818
          ],
          [
            73.8016603,
            18.5072563
          ],
          [
            73.8017853,
            18.5072279
          ],
          [
            73.801905,
            18.5071916
          ],
          [
            73.8022621,
            18.5070704
          ],
          [
            73.802395,
            18.507032
          ],
          [
            73.8025217,
            18.5070037
          ],
          [
            73.8026339,
            18.5069875
          ],
          [
            73.8027293,
            18.5069783
          ],
          [
            73.8028262,
            18.5069746
          ],
          [
            73.8029369,
            18.5069759
          ],
          [
            73.803028,
            18.50698
          ],
          [
            73.8031297,
            18.5069865
          ],
          [
            73.8035154,
            18.5070283
          ],
          [
            73.8036107,
            18.5070376
          ],
          [
            73.8041214,
            18.5070991
          ],
          [
            73.805226,
            18.5072121
          ]
        ]
      },
      "id": "way/1039564320"
    },
    {
      "type": "Feature",
      "properties": {
        "@id": "way/1039564322",
        "bridge": "yes",
        "electrified": "contact_line",
        "frequency": "50",
        "gauge": "1435",
        "layer": "2",
        "name": "Aqua Line",
        "operator": "MahaMetro",
        "railway": "subway",
        "system": "Pune Metro",
        "usage": "main",
        "voltage": "25000",
        "wikidata": "Q59155699",
        "wikipedia": "en:Aqua Line (Pune Metro)"
      },
      "geometry": {
        "type": "LineString",
        "coordinates": [
          [
            73.837187,
            18.5115732
          ],
          [
            73.8368877,
            18.5113815
          ]
        ]
      },
      "id": "way/1039564322"
    },
    {
      "type": "Feature",
      "properties": {
        "@id": "way/1039564326",
        "bridge": "yes",
        "electrified": "contact_line",
        "frequency": "50",
        "gauge": "1435",
        "layer": "2",
        "name": "Aqua Line",
        "railway": "subway",
        "system": "Pune Metro",
        "usage": "main",
        "voltage": "25000",
        "wikidata": "Q59155699",
        "wikipedia": "en:Aqua Line (Pune Metro)"
      },
      "geometry": {
        "type": "LineString",
        "coordinates": [
          [
            73.8065355,
            18.5073474
          ],
          [
            73.807015,
            18.5073605
          ]
        ]
      },
      "id": "way/1039564326"
    },
    {
      "type": "Feature",
      "properties": {
        "@id": "way/1039564338",
        "bridge": "yes",
        "electrified": "contact_line",
        "frequency": "50",
        "gauge": "1435",
        "layer": "2",
        "name": "Pune Metro Line 2: Aqua Line",
        "railway": "subway",
        "service": "yard",
        "voltage": "25000",
        "wikidata": "Q59155699",
        "wikipedia": "en:Aqua Line (Pune Metro)"
      },
      "geometry": {
        "type": "LineString",
        "coordinates": [
          [
            73.8036107,
            18.5070376
          ],
          [
            73.8037304,
            18.5070456
          ],
          [
            73.8038014,
            18.5070479
          ],
          [
            73.8039053,
            18.5070493
          ],
          [
            73.803975,
            18.5070527
          ],
          [
            73.8041287,
            18.5070634
          ]
        ]
      },
      "id": "way/1039564338"
    },
    {
      "type": "Feature",
      "properties": {
        "@id": "way/1039598117",
        "bridge": "yes",
        "electrified": "contact_line",
        "frequency": "50",
        "gauge": "1435",
        "layer": "2",
        "name": "Pune Metro Line 1: Purple Line",
        "operator": "MahaMetro",
        "railway": "subway",
        "usage": "main",
        "voltage": "25000",
        "wikidata": "Q59155676",
        "wikipedia": "en:Purple Line (Pune Metro)"
      },
      "geometry": {
        "type": "LineString",
        "coordinates": [
          [
            73.8032748,
            18.629303
          ],
          [
            73.8023921,
            18.6303481
          ],
          [
            73.7996253,
            18.6335645
          ]
        ]
      },
      "id": "way/1039598117"
    },
    {
      "type": "Feature",
      "properties": {
        "@id": "way/1039598118",
        "bridge": "yes",
        "electrified": "contact_line",
        "frequency": "50",
        "gauge": "1435",
        "layer": "2",
        "name": "Pune Metro Line 1: Purple Line",
        "operator": "MahaMetro",
        "railway": "subway",
        "usage": "main",
        "voltage": "25000",
        "wikidata": "Q59155676",
        "wikipedia": "en:Purple Line (Pune Metro)"
      },
      "geometry": {
        "type": "LineString",
        "coordinates": [
          [
            73.7988925,
            18.6345019
          ],
          [
            73.7996559,
            18.63358
          ],
          [
            73.8026516,
            18.6300924
          ],
          [
            73.8033009,
            18.6293297
          ]
        ]
      },
      "id": "way/1039598118"
    },
    {
      "type": "Feature",
      "properties": {
        "@id": "way/1039598119",
        "bridge": "viaduct",
        "electrified": "contact_line",
        "frequency": "50",
        "gauge": "1435",
        "layer": "2",
        "name": "Pune Metro Line 1: Purple Line",
        "operator": "MahaMetro",
        "railway": "subway",
        "usage": "main",
        "voltage": "25000",
        "wikidata": "Q59155676",
        "wikipedia": "en:Purple Line (Pune Metro)"
      },
      "geometry": {
        "type": "LineString",
        "coordinates": [
          [
            73.8378529,
            18.5702554
          ],
          [
            73.8374808,
            18.5712141
          ],
          [
            73.8372751,
            18.5717462
          ],
          [
            73.83712,
            18.5722009
          ],
          [
            73.8368048,
            18.5730916
          ],
          [
            73.8365565,
            18.573748
          ],
          [
            73.8362827,
            18.5745063
          ],
          [
            73.8359951,
            18.5752862
          ],
          [
            73.8356356,
            18.5762809
          ],
          [
            73.8354564,
            18.5767617
          ],
          [
            73.8351884,
            18.5778132
          ],
          [
            73.8349833,
            18.5786654
          ],
          [
            73.8348455,
            18.5792456
          ],
          [
            73.8346073,
            18.5802449
          ],
          [
            73.8342744,
            18.5816263
          ],
          [
            73.8340396,
            18.5825573
          ],
          [
            73.8337538,
            18.5837325
          ],
          [
            73.8335996,
            18.5843795
          ],
          [
            73.8333879,
            18.585229
          ],
          [
            73.8330571,
            18.5863454
          ],
          [
            73.832732,
            18.5874026
          ],
          [
            73.8326005,
            18.5877949
          ],
          [
            73.8324404,
            18.5882062
          ],
          [
            73.8322636,
            18.5886114
          ],
          [
            73.8315381,
            18.5902017
          ],
          [
            73.831128,
            18.5911009
          ],
          [
            73.8306295,
            18.5921937
          ],
          [
            73.8272445,
            18.5996141
          ],
          [
            73.826812,
            18.6005621
          ],
          [
            73.8266142,
            18.6009679
          ],
          [
            73.8264075,
            18.601313
          ],
          [
            73.8262037,
            18.6016677
          ],
          [
            73.8259606,
            18.6020678
          ],
          [
            73.8257369,
            18.6024588
          ],
          [
            73.8255416,
            18.6027708
          ],
          [
            73.8253239,
            18.6030776
          ],
          [
            73.8250111,
            18.6034752
          ],
          [
            73.8242437,
            18.6044294
          ],
          [
            73.8200813,
            18.6092941
          ],
          [
            73.8189532,
            18.6106126
          ],
          [
            73.8184656,
            18.6112299
          ],
          [
            73.8182169,
            18.6115563
          ],
          [
            73.8180109,
            18.611843
          ],
          [
            73.8177654,
            18.612153
          ],
          [
            73.8175119,
            18.6124419
          ],
          [
            73.8157295,
            18.614512
          ],
          [
            73.8076685,
            18.623874
          ],
          [
            73.807465,
            18.6241234
          ],
          [
            73.8073194,
            18.6243312
          ],
          [
            73.8072041,
            18.6245225
          ],
          [
            73.8070919,
            18.6247245
          ],
          [
            73.8069425,
            18.6249512
          ],
          [
            73.806791,
            18.6251405
          ],
          [
            73.8041279,
            18.6282931
          ],
          [
            73.8032748,
            18.629303
          ]
        ]
      },
      "id": "way/1039598119"
    },
    {
      "type": "Feature",
      "properties": {
        "@id": "way/1039598121",
        "bridge": "yes",
        "electrified": "contact_line",
        "frequency": "50",
        "gauge": "1435",
        "layer": "2",
        "name": "Pune Metro Line 1: Purple Line",
        "operator": "MahaMetro",
        "railway": "subway",
        "usage": "main",
        "voltage": "25000",
        "wikidata": "Q59155676",
        "wikipedia": "en:Purple Line (Pune Metro)"
      },
      "geometry": {
        "type": "LineString",
        "coordinates": [
          [
            73.8026516,
            18.6300924
          ],
          [
            73.8023921,
            18.6303481
          ]
        ]
      },
      "id": "way/1039598121"
    },
    {
      "type": "Feature",
      "properties": {
        "@id": "way/1039598125",
        "bridge": "yes",
        "electrified": "contact_line",
        "frequency": "50",
        "gauge": "1435",
        "layer": "2",
        "name": "Purple Line",
        "railway": "subway",
        "system": "Pune Metro",
        "usage": "main",
        "voltage": "25000",
        "wikidata": "Q59155676",
        "wikipedia": "en:Purple Line (Pune Metro)"
      },
      "geometry": {
        "type": "LineString",
        "coordinates": [
          [
            73.8306295,
            18.5921937
          ],
          [
            73.8304554,
            18.5926659
          ]
        ]
      },
      "id": "way/1039598125"
    },
    {
      "type": "Feature",
      "properties": {
        "@id": "way/1039598133",
        "bridge": "yes",
        "electrified": "contact_line",
        "frequency": "50",
        "gauge": "1435",
        "layer": "2",
        "name": "Purple Line",
        "railway": "subway",
        "system": "Pune Metro",
        "usage": "main",
        "voltage": "25000",
        "wikidata": "Q59155676",
        "wikipedia": "en:Purple Line (Pune Metro)"
      },
      "geometry": {
        "type": "LineString",
        "coordinates": [
          [
            73.8315381,
            18.5902017
          ],
          [
            73.831766,
            18.5897927
          ]
        ]
      },
      "id": "way/1039598133"
    },
    {
      "type": "Feature",
      "properties": {
        "@id": "way/1039598137",
        "bridge": "yes",
        "electrified": "contact_line",
        "frequency": "50",
        "gauge": "1435",
        "layer": "2",
        "name": "Purple Line",
        "railway": "subway",
        "system": "Pune Metro",
        "usage": "main",
        "voltage": "25000",
        "wikidata": "Q59155676",
        "wikipedia": "en:Purple Line (Pune Metro)"
      },
      "geometry": {
        "type": "LineString",
        "coordinates": [
          [
            73.8038955,
            18.6286258
          ],
          [
            73.8041279,
            18.6282931
          ]
        ]
      },
      "id": "way/1039598137"
    },
    {
      "type": "Feature",
      "properties": {
        "@id": "way/1124096065",
        "electrified": "contact_line",
        "railway": "subway",
        "service": "yard"
      },
      "geometry": {
        "type": "LineString",
        "coordinates": [
          [
            73.8012987,
            18.5076325
          ],
          [
            73.8009071,
            18.5080502
          ],
          [
            73.8008593,
            18.5081057
          ],
          [
            73.8008222,
            18.508155
          ],
          [
            73.8007842,
            18.508212
          ],
          [
            73.8007376,
            18.5082873
          ],
          [
            73.8006986,
            18.5083664
          ],
          [
            73.8006328,
            18.5085232
          ],
          [
            73.8006148,
            18.5085682
          ],
          [
            73.8004165,
            18.5090636
          ],
          [
            73.8003971,
            18.5091086
          ],
          [
            73.8003506,
            18.5092182
          ],
          [
            73.8003088,
            18.5092945
          ],
          [
            73.8002675,
            18.5093673
          ],
          [
            73.8002477,
            18.5093995
          ],
          [
            73.8001506,
            18.5095577
          ],
          [
            73.8000975,
            18.5096369
          ],
          [
            73.8000443,
            18.5097084
          ],
          [
            73.7999649,
            18.5098024
          ],
          [
            73.7998635,
            18.5098989
          ],
          [
            73.7998063,
            18.5099609
          ],
          [
            73.7997371,
            18.5100404
          ],
          [
            73.7996788,
            18.5101168
          ],
          [
            73.7996152,
            18.5102225
          ],
          [
            73.7992559,
            18.5109027
          ]
        ]
      },
      "id": "way/1124096065"
    },
    {
      "type": "Feature",
      "properties": {
        "@id": "way/1124096066",
        "bridge": "yes",
        "electrified": "contact_line",
        "layer": "2",
        "level": "2",
        "railway": "subway",
        "service": "yard"
      },
      "geometry": {
        "type": "LineString",
        "coordinates": [
          [
            73.8034517,
            18.5070605
          ],
          [
            73.8032672,
            18.5070389
          ],
          [
            73.8031508,
            18.5070307
          ],
          [
            73.8030448,
            18.5070264
          ],
          [
            73.8027317,
            18.5070288
          ],
          [
            73.8026385,
            18.5070321
          ],
          [
            73.8025486,
            18.5070408
          ],
          [
            73.8024767,
            18.5070537
          ],
          [
            73.8023809,
            18.5070789
          ],
          [
            73.8019462,
            18.5072245
          ],
          [
            73.8018359,
            18.5072623
          ],
          [
            73.8017293,
            18.5073041
          ],
          [
            73.8016279,
            18.5073587
          ],
          [
            73.8015197,
            18.5074331
          ],
          [
            73.8014368,
            18.5074982
          ],
          [
            73.801376,
            18.5075522
          ],
          [
            73.8012987,
            18.5076325
          ]
        ]
      },
      "id": "way/1124096066"
    },
    {
      "type": "Feature",
      "properties": {
        "@id": "way/1188406316",
        "bridge": "yes",
        "electrified": "contact_line",
        "layer": "2",
        "level": "2",
        "railway": "subway",
        "service": "yard"
      },
      "geometry": {
        "type": "LineString",
        "coordinates": [
          [
            73.8013387,
            18.5076766
          ],
          [
            73.8014227,
            18.507587
          ],
          [
            73.8015007,
            18.5075142
          ],
          [
            73.8015847,
            18.5074488
          ],
          [
            73.8016884,
            18.5073829
          ],
          [
            73.8017875,
            18.5073281
          ],
          [
            73.8018761,
            18.5072889
          ],
          [
            73.8019818,
            18.5072503
          ],
          [
            73.802363,
            18.5071234
          ],
          [
            73.8024386,
            18.5071023
          ],
          [
            73.8025249,
            18.5070836
          ],
          [
            73.8026018,
            18.5070729
          ],
          [
            73.8026716,
            18.5070674
          ],
          [
            73.8027491,
            18.5070652
          ],
          [
            73.8030324,
            18.5070649
          ],
          [
            73.8031243,
            18.5070649
          ],
          [
            73.803224,
            18.5070605
          ],
          [
            73.8032936,
            18.5070574
          ],
          [
            73.8033684,
            18.5070574
          ],
          [
            73.8034517,
            18.5070605
          ],
          [
            73.8035621,
            18.5070735
          ],
          [
            73.8040804,
            18.5071346
          ]
        ]
      },
      "id": "way/1188406316"
    },
    {
      "type": "Feature",
      "properties": {
        "@id": "way/1188406318",
        "bridge": "yes",
        "electrified": "contact_line",
        "layer": "2",
        "level": "2",
        "railway": "subway",
        "service": "yard"
      },
      "geometry": {
        "type": "LineString",
        "coordinates": [
          [
            73.8035621,
            18.5070735
          ],
          [
            73.803679,
            18.507082
          ],
          [
            73.8037555,
            18.5070849
          ],
          [
            73.8039194,
            18.5070897
          ],
          [
            73.8040149,
            18.5070917
          ],
          [
            73.8041214,
            18.5070991
          ]
        ]
      },
      "id": "way/1188406318"
    },
    {
      "type": "Feature",
      "properties": {
        "@id": "way/1188406319",
        "bridge": "yes",
        "electrified": "contact_line",
        "layer": "2",
        "level": "2",
        "railway": "subway",
        "service": "yard"
      },
      "geometry": {
        "type": "LineString",
        "coordinates": [
          [
            73.8030448,
            18.5070264
          ],
          [
            73.8033461,
            18.5070221
          ],
          [
            73.8034334,
            18.5070233
          ],
          [
            73.8035154,
            18.5070283
          ]
        ]
      },
      "id": "way/1188406319"
    },
    {
      "type": "Feature",
      "properties": {
        "@id": "way/1188483868",
        "electrified": "contact_line",
        "railway": "subway",
        "service": "yard"
      },
      "geometry": {
        "type": "LineString",
        "coordinates": [
          [
            73.7990681,
            18.5109676
          ],
          [
            73.7993617,
            18.5103488
          ],
          [
            73.7993816,
            18.5103068
          ]
        ]
      },
      "id": "way/1188483868"
    },
    {
      "type": "Feature",
      "properties": {
        "@id": "way/1188483869",
        "electrified": "contact_line",
        "railway": "subway",
        "service": "yard"
      },
      "geometry": {
        "type": "LineString",
        "coordinates": [
          [
            73.7994978,
            18.5100618
          ],
          [
            73.7995131,
            18.5100308
          ],
          [
            73.7995885,
            18.5098781
          ],
          [
            73.7996832,
            18.5096578
          ],
          [
            73.7997744,
            18.5093994
          ],
          [
            73.7998359,
            18.5092357
          ],
          [
            73.799896,
            18.5090756
          ],
          [
            73.7999066,
            18.5090475
          ]
        ]
      },
      "id": "way/1188483869"
    },
    {
      "type": "Feature",
      "properties": {
        "@id": "way/1188485592",
        "electrified": "contact_line",
        "railway": "subway",
        "service": "yard"
      },
      "geometry": {
        "type": "LineString",
        "coordinates": [
          [
            73.7994119,
            18.5108694
          ],
          [
            73.799531,
            18.5107707
          ],
          [
            73.7996103,
            18.5106995
          ],
          [
            73.7996951,
            18.5106202
          ],
          [
            73.7997638,
            18.51055
          ],
          [
            73.7998185,
            18.5104838
          ],
          [
            73.7998635,
            18.5104218
          ],
          [
            73.7999108,
            18.5103556
          ],
          [
            73.7999558,
            18.5102803
          ],
          [
            73.7999998,
            18.5101939
          ],
          [
            73.8000352,
            18.5101125
          ],
          [
            73.8003088,
            18.5094369
          ],
          [
            73.8004231,
            18.5091693
          ],
          [
            73.8004366,
            18.5091325
          ],
          [
            73.8004583,
            18.5090786
          ],
          [
            73.8006554,
            18.5085823
          ],
          [
            73.8006736,
            18.5085366
          ],
          [
            73.8007094,
            18.5084537
          ],
          [
            73.800731,
            18.5084059
          ],
          [
            73.8007637,
            18.5083428
          ],
          [
            73.8008024,
            18.5082797
          ],
          [
            73.8008447,
            18.5082151
          ],
          [
            73.800886,
            18.5081632
          ],
          [
            73.8009413,
            18.5080966
          ],
          [
            73.8013088,
            18.5077082
          ],
          [
            73.8013387,
            18.5076766
          ]
        ]
      },
      "id": "way/1188485592"
    },
    {
      "type": "Feature",
      "properties": {
        "@id": "way/1188485922",
        "electrified": "contact_line",
        "railway": "subway",
        "service": "yard"
      },
      "geometry": {
        "type": "LineString",
        "coordinates": [
          [
            73.799361,
            18.5112056
          ],
          [
            73.7997138,
            18.5110136
          ],
          [
            73.7997832,
            18.51097
          ],
          [
            73.7998624,
            18.5109179
          ],
          [
            73.7999161,
            18.5108718
          ],
          [
            73.7999778,
            18.5108107
          ],
          [
            73.8000407,
            18.5107445
          ],
          [
            73.8001022,
            18.5106704
          ],
          [
            73.8001643,
            18.5105884
          ],
          [
            73.8002168,
            18.510505
          ],
          [
            73.8002516,
            18.5104388
          ],
          [
            73.800285,
            18.5103611
          ],
          [
            73.8003093,
            18.5102964
          ],
          [
            73.8003336,
            18.5102201
          ],
          [
            73.8003533,
            18.5101402
          ],
          [
            73.8003715,
            18.5100489
          ],
          [
            73.8004921,
            18.5093432
          ],
          [
            73.8005164,
            18.5092295
          ],
          [
            73.8005275,
            18.5091881
          ],
          [
            73.8005392,
            18.5091446
          ],
          [
            73.8005665,
            18.5090604
          ],
          [
            73.8006014,
            18.5089669
          ],
          [
            73.8006542,
            18.5088482
          ],
          [
            73.8006903,
            18.5087737
          ],
          [
            73.8009825,
            18.5081711
          ]
        ]
      },
      "id": "way/1188485922"
    },
    {
      "type": "Feature",
      "properties": {
        "@id": "way/1188485923",
        "electrified": "contact_line",
        "railway": "subway",
        "service": "yard"
      },
      "geometry": {
        "type": "LineString",
        "coordinates": [
          [
            73.8003957,
            18.5102314
          ],
          [
            73.8005764,
            18.5092179
          ],
          [
            73.8005814,
            18.5091905
          ],
          [
            73.8006049,
            18.5090924
          ],
          [
            73.8006326,
            18.5089981
          ],
          [
            73.8006654,
            18.5089087
          ],
          [
            73.8008152,
            18.5086102
          ],
          [
            73.8009068,
            18.508428
          ],
          [
            73.8009889,
            18.5082577
          ],
          [
            73.8010428,
            18.5081435
          ],
          [
            73.801094,
            18.5080336
          ],
          [
            73.8011292,
            18.5079664
          ],
          [
            73.8011648,
            18.5079061
          ],
          [
            73.8011986,
            18.5078539
          ],
          [
            73.8012433,
            18.5077923
          ],
          [
            73.8013088,
            18.5077082
          ]
        ]
      },
      "id": "way/1188485923"
    },
    {
      "type": "Feature",
      "properties": {
        "@id": "way/1188485977",
        "electrified": "contact_line",
        "level": "2",
        "railway": "subway",
        "service": "yard"
      },
      "geometry": {
        "type": "LineString",
        "coordinates": [
          [
            73.8006335,
            18.5093043
          ],
          [
            73.8006429,
            18.5092493
          ],
          [
            73.8006637,
            18.5091268
          ],
          [
            73.8006811,
            18.5090398
          ],
          [
            73.8006971,
            18.5089808
          ],
          [
            73.8007267,
            18.5089088
          ],
          [
            73.8007631,
            18.5088275
          ],
          [
            73.8008174,
            18.5087169
          ],
          [
            73.8008485,
            18.5086582
          ],
          [
            73.8008735,
            18.5086023
          ],
          [
            73.8008993,
            18.5085323
          ],
          [
            73.8009193,
            18.5084679
          ],
          [
            73.8009444,
            18.5083838
          ],
          [
            73.8009645,
            18.5083215
          ],
          [
            73.8009889,
            18.5082577
          ]
        ]
      },
      "id": "way/1188485977"
    },
    {
      "type": "Feature",
      "properties": {
        "@id": "way/1188486158",
        "covered": "yes",
        "electrified": "contact_line",
        "railway": "subway",
        "service": "yard"
      },
      "geometry": {
        "type": "LineString",
        "coordinates": [
          [
            73.8005905,
            18.5100313
          ],
          [
            73.8007075,
            18.5093146
          ]
        ]
      },
      "id": "way/1188486158"
    },
    {
      "type": "Feature",
      "properties": {
        "@id": "way/1188486231",
        "electrified": "contact_line",
        "level": "2",
        "railway": "subway",
        "service": "yard"
      },
      "geometry": {
        "type": "LineString",
        "coordinates": [
          [
            73.8006903,
            18.5087737
          ],
          [
            73.8007225,
            18.508716
          ],
          [
            73.8007534,
            18.5086691
          ],
          [
            73.8008358,
            18.50855
          ],
          [
            73.8008658,
            18.5085013
          ],
          [
            73.8009068,
            18.508428
          ]
        ]
      },
      "id": "way/1188486231"
    },
    {
      "type": "Feature",
      "properties": {
        "@id": "way/1188486396",
        "covered": "yes",
        "electrified": "contact_line",
        "railway": "subway",
        "service": "yard"
      },
      "geometry": {
        "type": "LineString",
        "coordinates": [
          [
            73.8005117,
            18.5100188
          ],
          [
            73.8006335,
            18.5093043
          ]
        ]
      },
      "id": "way/1188486396"
    },
    {
      "type": "Feature",
      "properties": {
        "@id": "way/1188486492",
        "electrified": "contact_line",
        "railway": "subway",
        "service": "yard"
      },
      "geometry": {
        "type": "LineString",
        "coordinates": [
          [
            73.8004974,
            18.5101024
          ],
          [
            73.8005117,
            18.5100188
          ]
        ]
      },
      "id": "way/1188486492"
    },
    {
      "type": "Feature",
      "properties": {
        "@id": "way/1188486493",
        "electrified": "contact_line",
        "level": "2",
        "railway": "subway",
        "service": "yard"
      },
      "geometry": {
        "type": "LineString",
        "coordinates": [
          [
            73.8007075,
            18.5093146
          ],
          [
            73.8007167,
            18.5092611
          ],
          [
            73.800764,
            18.5089843
          ],
          [
            73.8007821,
            18.5088996
          ],
          [
            73.8008091,
            18.5088141
          ],
          [
            73.8008378,
            18.5087255
          ],
          [
            73.8008993,
            18.5085323
          ]
        ]
      },
      "id": "way/1188486493"
    },
    {
      "type": "Feature",
      "properties": {
        "@id": "way/1188486494",
        "electrified": "contact_line",
        "railway": "subway",
        "service": "yard"
      },
      "geometry": {
        "type": "LineString",
        "coordinates": [
          [
            73.800487,
            18.5106645
          ],
          [
            73.8005905,
            18.5100313
          ]
        ]
      },
      "id": "way/1188486494"
    },
    {
      "type": "Feature",
      "properties": {
        "@id": "way/1188486638",
        "covered": "yes",
        "electrified": "contact_line",
        "railway": "subway",
        "service": "yard"
      },
      "geometry": {
        "type": "LineString",
        "coordinates": [
          [
            73.7993816,
            18.5103068
          ],
          [
            73.7994978,
            18.5100618
          ]
        ]
      },
      "id": "way/1188486638"
    },
    {
      "type": "Feature",
      "properties": {
        "@id": "way/1188498413",
        "electrified": "contact_line",
        "railway": "subway",
        "service": "yard"
      },
      "geometry": {
        "type": "LineString",
        "coordinates": [
          [
            73.8004583,
            18.5090786
          ],
          [
            73.8005378,
            18.5088191
          ],
          [
            73.8006148,
            18.5085682
          ]
        ]
      },
      "id": "way/1188498413"
    },
    {
      "type": "Feature",
      "properties": {
        "@id": "way/1188498414",
        "electrified": "contact_line",
        "railway": "subway",
        "service": "yard"
      },
      "geometry": {
        "type": "LineString",
        "coordinates": [
          [
            73.8004165,
            18.5090636
          ],
          [
            73.8005378,
            18.5088191
          ],
          [
            73.8006554,
            18.5085823
          ]
        ]
      },
      "id": "way/1188498414"
    },
    {
      "type": "Feature",
      "properties": {
        "@id": "way/1188499970",
        "electrified": "contact_line",
        "railway": "subway",
        "service": "yard"
      },
      "geometry": {
        "type": "LineString",
        "coordinates": [
          [
            73.8003506,
            18.5092182
          ],
          [
            73.8002732,
            18.5094075
          ],
          [
            73.7999973,
            18.5100945
          ],
          [
            73.7999609,
            18.5101751
          ],
          [
            73.7999192,
            18.5102585
          ],
          [
            73.7998774,
            18.5103319
          ],
          [
            73.7998342,
            18.5103945
          ],
          [
            73.7997834,
            18.5104636
          ],
          [
            73.7997318,
            18.510524
          ],
          [
            73.7996642,
            18.5105959
          ],
          [
            73.79958,
            18.5106743
          ],
          [
            73.7995057,
            18.5107376
          ],
          [
            73.7993896,
            18.5108376
          ]
        ]
      },
      "id": "way/1188499970"
    },
    {
      "type": "Feature",
      "properties": {
        "@id": "way/1188500523",
        "electrified": "contact_line",
        "railway": "subway",
        "service": "yard"
      },
      "geometry": {
        "type": "LineString",
        "coordinates": [
          [
            73.8004231,
            18.5091693
          ],
          [
            73.8003481,
            18.509415
          ],
          [
            73.8001835,
            18.5101156
          ],
          [
            73.8001576,
            18.5102006
          ],
          [
            73.8001301,
            18.5102839
          ],
          [
            73.8000936,
            18.5103671
          ],
          [
            73.8000585,
            18.5104361
          ],
          [
            73.8000154,
            18.5105099
          ],
          [
            73.7999693,
            18.5105772
          ],
          [
            73.7999092,
            18.5106559
          ],
          [
            73.7998623,
            18.5107083
          ],
          [
            73.7997948,
            18.5107752
          ],
          [
            73.7997295,
            18.5108292
          ],
          [
            73.7996581,
            18.5108829
          ],
          [
            73.7995826,
            18.510929
          ],
          [
            73.7992156,
            18.5111287
          ]
        ]
      },
      "id": "way/1188500523"
    },
    {
      "type": "Feature",
      "properties": {
        "@id": "way/1188502156",
        "electrified": "contact_line",
        "railway": "subway",
        "service": "yard"
      },
      "geometry": {
        "type": "LineString",
        "coordinates": [
          [
            73.8003481,
            18.509415
          ],
          [
            73.8003229,
            18.509569
          ],
          [
            73.8003143,
            18.5096563
          ],
          [
            73.8003068,
            18.5097328
          ],
          [
            73.8002965,
            18.509804
          ],
          [
            73.8002823,
            18.5098832
          ],
          [
            73.8002652,
            18.5099582
          ],
          [
            73.8002307,
            18.5101303
          ],
          [
            73.8002091,
            18.5102127
          ],
          [
            73.8001779,
            18.5102971
          ],
          [
            73.8001408,
            18.5103806
          ],
          [
            73.8001034,
            18.5104584
          ],
          [
            73.8000601,
            18.5105306
          ],
          [
            73.8000102,
            18.510604
          ],
          [
            73.7999568,
            18.5106737
          ],
          [
            73.7998987,
            18.5107381
          ],
          [
            73.7998296,
            18.5108027
          ],
          [
            73.7997441,
            18.5108737
          ],
          [
            73.799652,
            18.5109357
          ],
          [
            73.7995831,
            18.5109753
          ],
          [
            73.799265,
            18.5111533
          ]
        ]
      },
      "id": "way/1188502156"
    },
    {
      "type": "Feature",
      "properties": {
        "@id": "way/1188504444",
        "electrified": "contact_line",
        "railway": "subway",
        "service": "yard"
      },
      "geometry": {
        "type": "LineString",
        "coordinates": [
          [
            73.8003088,
            18.5094369
          ],
          [
            73.8002769,
            18.5095345
          ],
          [
            73.8002534,
            18.509623
          ],
          [
            73.8002322,
            18.5097158
          ],
          [
            73.8001646,
            18.510005
          ],
          [
            73.8001411,
            18.5100921
          ],
          [
            73.8001176,
            18.510169
          ],
          [
            73.8000865,
            18.5102482
          ],
          [
            73.8000493,
            18.510323
          ],
          [
            73.8000122,
            18.5103906
          ],
          [
            73.7999735,
            18.5104604
          ],
          [
            73.7999302,
            18.5105244
          ],
          [
            73.7998801,
            18.5105935
          ],
          [
            73.7998346,
            18.510651
          ],
          [
            73.7997838,
            18.5107057
          ],
          [
            73.7997231,
            18.5107625
          ],
          [
            73.7996746,
            18.5108079
          ],
          [
            73.7996154,
            18.5108532
          ],
          [
            73.7995441,
            18.5109007
          ],
          [
            73.7994796,
            18.5109417
          ],
          [
            73.7991807,
            18.5111086
          ]
        ]
      },
      "id": "way/1188504444"
    },
    {
      "type": "Feature",
      "properties": {
        "@id": "way/1188505402",
        "electrified": "contact_line",
        "railway": "subway",
        "service": "yard"
      },
      "geometry": {
        "type": "LineString",
        "coordinates": [
          [
            73.8003143,
            18.5096563
          ],
          [
            73.8002914,
            18.5098988
          ],
          [
            73.8002828,
            18.5099868
          ],
          [
            73.8002721,
            18.5100728
          ],
          [
            73.8002624,
            18.510147
          ],
          [
            73.8002485,
            18.5102193
          ],
          [
            73.8002292,
            18.5102808
          ],
          [
            73.800205,
            18.5103464
          ],
          [
            73.8001755,
            18.5104115
          ],
          [
            73.8001476,
            18.5104703
          ],
          [
            73.8001063,
            18.5105413
          ],
          [
            73.8000725,
            18.5105947
          ],
          [
            73.8000345,
            18.5106481
          ],
          [
            73.799984,
            18.5107112
          ],
          [
            73.799939,
            18.510762
          ],
          [
            73.7998955,
            18.5108073
          ],
          [
            73.7998462,
            18.5108516
          ],
          [
            73.7997957,
            18.5108923
          ],
          [
            73.7997453,
            18.5109284
          ],
          [
            73.7996954,
            18.5109619
          ],
          [
            73.7992947,
            18.5111802
          ]
        ]
      },
      "id": "way/1188505402"
    },
    {
      "type": "Feature",
      "properties": {
        "@id": "way/1188506052",
        "electrified": "contact_line",
        "railway": "subway",
        "service": "yard"
      },
      "geometry": {
        "type": "LineString",
        "coordinates": [
          [
            73.7991587,
            18.5110686
          ],
          [
            73.799453,
            18.5109038
          ],
          [
            73.7995168,
            18.510865
          ],
          [
            73.7995775,
            18.5108225
          ],
          [
            73.7996336,
            18.5107751
          ],
          [
            73.7997004,
            18.5107125
          ],
          [
            73.7997664,
            18.510647
          ],
          [
            73.7998233,
            18.5105808
          ],
          [
            73.799887,
            18.5104981
          ],
          [
            73.7999355,
            18.5104218
          ],
          [
            73.7999856,
            18.5103319
          ],
          [
            73.8000304,
            18.5102398
          ],
          [
            73.8000774,
            18.5101218
          ],
          [
            73.8001616,
            18.5099173
          ],
          [
            73.8001946,
            18.5098267
          ],
          [
            73.8002322,
            18.5097158
          ]
        ]
      },
      "id": "way/1188506052"
    },
    {
      "type": "Feature",
      "properties": {
        "@id": "way/1188509211",
        "electrified": "contact_line",
        "railway": "subway",
        "service": "yard"
      },
      "geometry": {
        "type": "LineString",
        "coordinates": [
          [
            73.7992934,
            18.5109035
          ],
          [
            73.7995981,
            18.5103479
          ],
          [
            73.7996373,
            18.5102777
          ],
          [
            73.799685,
            18.510207
          ],
          [
            73.7997354,
            18.5101383
          ],
          [
            73.7997955,
            18.5100737
          ],
          [
            73.8000546,
            18.5097756
          ],
          [
            73.8000948,
            18.5097222
          ],
          [
            73.8001463,
            18.5096479
          ],
          [
            73.8001903,
            18.5095696
          ],
          [
            73.800228,
            18.5095002
          ],
          [
            73.8002732,
            18.5094075
          ]
        ]
      },
      "id": "way/1188509211"
    },
    {
      "type": "Feature",
      "properties": {
        "@id": "way/1188509694",
        "electrified": "contact_line",
        "railway": "subway",
        "service": "yard"
      },
      "geometry": {
        "type": "LineString",
        "coordinates": [
          [
            73.8002477,
            18.5093995
          ],
          [
            73.8002088,
            18.5094515
          ],
          [
            73.8001718,
            18.5094993
          ],
          [
            73.8000924,
            18.5095975
          ],
          [
            73.8000302,
            18.5096636
          ],
          [
            73.7998735,
            18.5098188
          ],
          [
            73.7998081,
            18.5098834
          ],
          [
            73.7997491,
            18.5099515
          ],
          [
            73.7996949,
            18.5100217
          ],
          [
            73.7996459,
            18.510086
          ],
          [
            73.7995998,
            18.5101619
          ],
          [
            73.7995184,
            18.5103142
          ],
          [
            73.7991386,
            18.5110244
          ]
        ]
      },
      "id": "way/1188509694"
    },
    {
      "type": "Feature",
      "properties": {
        "@id": "way/1188510207",
        "covered": "yes",
        "electrified": "contact_line",
        "railway": "subway",
        "service": "yard"
      },
      "geometry": {
        "type": "LineString",
        "coordinates": [
          [
            73.8001607,
            18.5083266
          ],
          [
            73.7999066,
            18.5090475
          ]
        ]
      },
      "id": "way/1188510207"
    },
    {
      "type": "Feature",
      "properties": {
        "@id": "way/1188578459",
        "electrified": "contact_line",
        "railway": "subway",
        "service": "yard"
      },
      "geometry": {
        "type": "LineString",
        "coordinates": [
          [
            73.7995184,
            18.5103142
          ],
          [
            73.7995586,
            18.5102235
          ],
          [
            73.799603,
            18.5101017
          ],
          [
            73.799718,
            18.5097595
          ],
          [
            73.7997388,
            18.5096899
          ],
          [
            73.7997543,
            18.5096199
          ],
          [
            73.7997987,
            18.5093905
          ],
          [
            73.7998134,
            18.5093186
          ],
          [
            73.7998359,
            18.5092357
          ]
        ]
      },
      "id": "way/1188578459"
    },
    {
      "type": "Feature",
      "properties": {
        "@id": "way/1188578551",
        "electrified": "contact_line",
        "railway": "subway",
        "service": "yard"
      },
      "geometry": {
        "type": "LineString",
        "coordinates": [
          [
            73.799603,
            18.5101017
          ],
          [
            73.7996507,
            18.5099923
          ],
          [
            73.7996915,
            18.5099152
          ],
          [
            73.7997341,
            18.5098371
          ],
          [
            73.799927,
            18.5094836
          ],
          [
            73.799977,
            18.5093829
          ],
          [
            73.8000124,
            18.5092966
          ],
          [
            73.8000706,
            18.509129
          ],
          [
            73.8000807,
            18.509102
          ]
        ]
      },
      "id": "way/1188578551"
    },
    {
      "type": "Feature",
      "properties": {
        "@id": "way/1188578645",
        "electrified": "contact_line",
        "railway": "subway",
        "service": "yard"
      },
      "geometry": {
        "type": "LineString",
        "coordinates": [
          [
            73.7997341,
            18.5098371
          ],
          [
            73.7997793,
            18.5097385
          ],
          [
            73.7998142,
            18.5096482
          ],
          [
            73.7998565,
            18.5095298
          ],
          [
            73.7999206,
            18.5092818
          ],
          [
            73.7999416,
            18.5092106
          ],
          [
            73.7999634,
            18.5091453
          ],
          [
            73.7999793,
            18.5091011
          ],
          [
            73.799989,
            18.5090733
          ]
        ]
      },
      "id": "way/1188578645"
    },
    {
      "type": "Feature",
      "properties": {
        "@id": "way/1188578745",
        "electrified": "contact_line",
        "railway": "subway",
        "service": "yard"
      },
      "geometry": {
        "type": "LineString",
        "coordinates": [
          [
            73.7995998,
            18.5101619
          ],
          [
            73.7997264,
            18.5099395
          ],
          [
            73.7998323,
            18.5097534
          ],
          [
            73.7998971,
            18.5096483
          ],
          [
            73.7999924,
            18.5095017
          ],
          [
            73.8000431,
            18.5094277
          ],
          [
            73.8000868,
            18.5093411
          ],
          [
            73.8001391,
            18.5092115
          ],
          [
            73.8001588,
            18.509156
          ],
          [
            73.800168,
            18.5091294
          ]
        ]
      },
      "id": "way/1188578745"
    },
    {
      "type": "Feature",
      "properties": {
        "@id": "way/1188578858",
        "electrified": "contact_line",
        "railway": "subway",
        "service": "yard"
      },
      "geometry": {
        "type": "LineString",
        "coordinates": [
          [
            73.7997264,
            18.5099395
          ],
          [
            73.7997944,
            18.5098384
          ],
          [
            73.7998456,
            18.5097697
          ],
          [
            73.8000119,
            18.5095572
          ],
          [
            73.8000611,
            18.5094898
          ],
          [
            73.8001095,
            18.5094143
          ],
          [
            73.8001516,
            18.5093411
          ],
          [
            73.8001969,
            18.5092448
          ],
          [
            73.8002218,
            18.5091752
          ],
          [
            73.8002312,
            18.5091492
          ]
        ]
      },
      "id": "way/1188578858"
    },
    {
      "type": "Feature",
      "properties": {
        "@id": "way/1188670520",
        "covered": "yes",
        "electrified": "contact_line",
        "railway": "subway",
        "service": "yard"
      },
      "geometry": {
        "type": "LineString",
        "coordinates": [
          [
            73.800243,
            18.5083524
          ],
          [
            73.799989,
            18.5090733
          ]
        ]
      },
      "id": "way/1188670520"
    },
    {
      "type": "Feature",
      "properties": {
        "@id": "way/1188670521",
        "covered": "yes",
        "electrified": "contact_line",
        "railway": "subway",
        "service": "yard"
      },
      "geometry": {
        "type": "LineString",
        "coordinates": [
          [
            73.8003347,
            18.5083812
          ],
          [
            73.8000807,
            18.509102
          ]
        ]
      },
      "id": "way/1188670521"
    },
    {
      "type": "Feature",
      "properties": {
        "@id": "way/1188670522",
        "covered": "yes",
        "electrified": "contact_line",
        "railway": "subway",
        "service": "yard"
      },
      "geometry": {
        "type": "LineString",
        "coordinates": [
          [
            73.800422,
            18.5084085
          ],
          [
            73.800168,
            18.5091294
          ]
        ]
      },
      "id": "way/1188670522"
    },
    {
      "type": "Feature",
      "properties": {
        "@id": "way/1188670523",
        "covered": "yes",
        "electrified": "contact_line",
        "railway": "subway",
        "service": "yard"
      },
      "geometry": {
        "type": "LineString",
        "coordinates": [
          [
            73.8004852,
            18.5084283
          ],
          [
            73.8002312,
            18.5091492
          ]
        ]
      },
      "id": "way/1188670523"
    },
    {
      "type": "Feature",
      "properties": {
        "@id": "way/1195664032",
        "electrified": "contact_line",
        "frequency": "50",
        "gauge": "1435",
        "layer": "-2",
        "name": "Pune Metro Line 1: Purple Line",
        "railway": "subway",
        "tunnel": "yes",
        "usage": "main",
        "voltage": "25000",
        "wikidata": "Q59155676",
        "wikipedia": "en:Purple Line (Pune Metro)"
      },
      "geometry": {
        "type": "LineString",
        "coordinates": [
          [
            73.8476388,
            18.5410313
          ],
          [
            73.8476582,
            18.5406748
          ],
          [
            73.8476864,
            18.5401751
          ],
          [
            73.8477105,
            18.539683
          ],
          [
            73.847791,
            18.5389608
          ],
          [
            73.8485704,
            18.5362675
          ],
          [
            73.8494244,
            18.5333161
          ],
          [
            73.849726,
            18.5321825
          ],
          [
            73.8499835,
            18.5312143
          ],
          [
            73.85015,
            18.5301217
          ],
          [
            73.8503815,
            18.5295702
          ],
          [
            73.8507284,
            18.529074
          ],
          [
            73.8511752,
            18.5286555
          ],
          [
            73.8517029,
            18.5283328
          ],
          [
            73.8522965,
            18.5281168
          ],
          [
            73.8545326,
            18.5275032
          ],
          [
            73.85498,
            18.52738
          ],
          [
            73.8561431,
            18.5270596
          ],
          [
            73.8569149,
            18.5268495
          ],
          [
            73.8587646,
            18.5263897
          ],
          [
            73.8594546,
            18.5261168
          ],
          [
            73.8598153,
            18.5258688
          ],
          [
            73.8602739,
            18.5254212
          ],
          [
            73.860561,
            18.5247955
          ],
          [
            73.8607098,
            18.5241458
          ],
          [
            73.8607044,
            18.5235748
          ],
          [
            73.8605288,
            18.5229009
          ],
          [
            73.8602579,
            18.5223516
          ],
          [
            73.8599937,
            18.5218924
          ],
          [
            73.8596852,
            18.5213609
          ],
          [
            73.8580612,
            18.5187057
          ],
          [
            73.8576427,
            18.518089
          ],
          [
            73.8573959,
            18.5177151
          ],
          [
            73.8571277,
            18.5172954
          ],
          [
            73.8569266,
            18.5168503
          ],
          [
            73.8568139,
            18.5165503
          ],
          [
            73.8567167,
            18.5161489
          ],
          [
            73.856661,
            18.5157541
          ],
          [
            73.856708,
            18.5151844
          ],
          [
            73.8567569,
            18.5146972
          ],
          [
            73.8570796,
            18.5129189
          ],
          [
            73.8575918,
            18.5101319
          ],
          [
            73.8576748,
            18.5098535
          ],
          [
            73.8577983,
            18.509627
          ],
          [
            73.8579364,
            18.5093676
          ],
          [
            73.8580478,
            18.5090535
          ],
          [
            73.8581174,
            18.5087622
          ],
          [
            73.8581577,
            18.5075235
          ],
          [
            73.8582516,
            18.5033574
          ],
          [
            73.8582302,
            18.5029784
          ],
          [
            73.8581711,
            18.5025434
          ],
          [
            73.8580424,
            18.5020448
          ],
          [
            73.8579457,
            18.5016249
          ],
          [
            73.8577051,
            18.5005522
          ],
          [
            73.8575193,
            18.4997302
          ]
        ]
      },
      "id": "way/1195664032"
    },
    {
      "type": "Feature",
      "properties": {
        "@id": "way/1195996618",
        "cutting": "yes",
        "electrified": "contact_line",
        "frequency": "50",
        "gauge": "1435",
        "incline": "down",
        "name": "Pune Metro Line 1: Purple Line",
        "operator": "MahaMetro",
        "railway": "subway",
        "usage": "main",
        "voltage": "25000",
        "wikidata": "Q59155676",
        "wikipedia": "en:Purple Line (Pune Metro)"
      },
      "geometry": {
        "type": "LineString",
        "coordinates": [
          [
            73.8475031,
            18.5433965
          ],
          [
            73.8475699,
            18.5422244
          ],
          [
            73.8476388,
            18.5410313
          ]
        ]
      },
      "id": "way/1195996618"
    },
    {
      "type": "Feature",
      "properties": {
        "@id": "way/1195996619",
        "cutting": "yes",
        "electrified": "contact_line",
        "frequency": "50",
        "gauge": "1435",
        "incline": "up",
        "name": "Pune Metro Line 1: Purple Line",
        "operator": "MahaMetro",
        "railway": "subway",
        "usage": "main",
        "voltage": "25000",
        "wikidata": "Q59155676",
        "wikipedia": "en:Purple Line (Pune Metro)"
      },
      "geometry": {
        "type": "LineString",
        "coordinates": [
          [
            73.8475927,
            18.5410308
          ],
          [
            73.8475382,
            18.5422224
          ],
          [
            73.8474979,
            18.5428279
          ],
          [
            73.8474697,
            18.5433951
          ]
        ]
      },
      "id": "way/1195996619"
    },
    {
      "type": "Feature",
      "properties": {
        "@id": "way/1260594561",
        "bridge": "viaduct",
        "electrified": "contact_line",
        "frequency": "50",
        "gauge": "1435",
        "layer": "2",
        "name": "Pune Metro Line 2: Aqua Line",
        "operator": "Maha Metro",
        "railway": "subway",
        "voltage": "25000"
      },
      "geometry": {
        "type": "LineString",
        "coordinates": [
          [
            73.9091302,
            18.5574446
          ],
          [
            73.9094952,
            18.5576713
          ],
          [
            73.9098002,
            18.5578322
          ],
          [
            73.9104007,
            18.5581411
          ],
          [
            73.9110213,
            18.5584723
          ],
          [
            73.9112359,
            18.5585765
          ],
          [
            73.9114515,
            18.5586649
          ],
          [
            73.9117248,
            18.5587469
          ],
          [
            73.9126289,
            18.5590101
          ],
          [
            73.9128473,
            18.5590722
          ]
        ]
      },
      "id": "way/1260594561"
    },
    {
      "type": "Feature",
      "properties": {
        "@id": "way/1260594562",
        "bridge": "viaduct",
        "electrified": "contact_line",
        "frequency": "50",
        "gauge": "1435",
        "layer": "2",
        "name": "Pune Metro Line 2: Aqua Line",
        "operator": "Maha Metro",
        "railway": "subway",
        "voltage": "25000"
      },
      "geometry": {
        "type": "LineString",
        "coordinates": [
          [
            73.9091586,
            18.5574051
          ],
          [
            73.9095166,
            18.5576353
          ],
          [
            73.9098244,
            18.5578013
          ],
          [
            73.9104156,
            18.5581052
          ],
          [
            73.9110397,
            18.5584427
          ],
          [
            73.9112399,
            18.5585413
          ],
          [
            73.9114593,
            18.5586263
          ],
          [
            73.9117328,
            18.5587093
          ],
          [
            73.9126353,
            18.5589746
          ],
          [
            73.9128538,
            18.5590378
          ]
        ]
      },
      "id": "way/1260594562"
    },
    {
      "type": "Feature",
      "properties": {
        "@id": "way/1319646962",
        "electrified": "contact_line",
        "gauge": "1435",
        "layer": "-2",
        "name": "Pune Metro Line 1: Purple Line",
        "name:mr": "पुणे मेट्रो मार्गिका १",
        "railway": "subway",
        "tunnel": "yes",
        "usage": "main",
        "voltage": "25000"
      },
      "geometry": {
        "type": "LineString",
        "coordinates": [
          [
            73.8569718,
            18.4970978
          ],
          [
            73.857345,
            18.4988831
          ],
          [
            73.8575193,
            18.4997302
          ]
        ]
      },
      "id": "way/1319646962"
    },
    {
      "type": "Feature",
      "properties": {
        "@id": "way/1319646963",
        "electrified": "contact_line",
        "gauge": "1435",
        "layer": "-2",
        "name": "Pune Metro Line 1: Purple Line",
        "name:mr": "पुणे मेट्रो मार्गिका १",
        "railway": "subway",
        "tunnel": "yes",
        "usage": "main",
        "voltage": "25000"
      },
      "geometry": {
        "type": "LineString",
        "coordinates": [
          [
            73.856835,
            18.4971182
          ],
          [
            73.8572162,
            18.4989136
          ],
          [
            73.8574064,
            18.49975
          ]
        ]
      },
      "id": "way/1319646963"
    },
    {
      "type": "Feature",
      "properties": {
        "@id": "way/1479326196",
        "bridge": "viaduct",
        "electrified": "contact_line",
        "frequency": "50",
        "gauge": "1435",
        "layer": "2",
        "railway": "subway",
        "service": "crossover",
        "voltage": "25000"
      },
      "geometry": {
        "type": "LineString",
        "coordinates": [
          [
            73.8569631,
            18.5256713
          ],
          [
            73.8572846,
            18.5260504
          ]
        ]
      },
      "id": "way/1479326196"
    },
    {
      "type": "Feature",
      "properties": {
        "@id": "way/1479326197",
        "bridge": "viaduct",
        "electrified": "contact_line",
        "frequency": "50",
        "gauge": "1435",
        "layer": "2",
        "railway": "subway",
        "service": "crossover",
        "voltage": "25000"
      },
      "geometry": {
        "type": "LineString",
        "coordinates": [
          [
            73.8584009,
            18.5275905
          ],
          [
            73.8586672,
            18.5280423
          ]
        ]
      },
      "id": "way/1479326197"
    },
    {
      "type": "Feature",
      "properties": {
        "@id": "way/1480738521",
        "bridge": "viaduct",
        "construction": "yes",
        "construction:railway": "subway",
        "electrified": "rail",
        "frequency": "0",
        "gauge": "1435",
        "layer": "3",
        "name": "Pune Metro Line 3 (Pink Line)",
        "opening_date": "2026",
        "railway": "subway",
        "service": "crossover",
        "voltage": "750"
      },
      "geometry": {
        "type": "LineString",
        "coordinates": [
          [
            73.8296724,
            18.5415015
          ],
          [
            73.8302452,
            18.5410579
          ]
        ]
      },
      "id": "way/1480738521"
    },
    {
      "type": "Feature",
      "properties": {
        "@id": "way/1482515773",
        "bridge": "viaduct",
        "construction": "yes",
        "construction:railway": "subway",
        "electrified": "rail",
        "frequency": "0",
        "gauge": "1435",
        "layer": "3",
        "name": "Pune Metro Line 3 (Pink Line)",
        "opening_date": "2026",
        "operator": "PMRDA",
        "railway": "subway",
        "service": "crossover",
        "voltage": "750"
      },
      "geometry": {
        "type": "LineString",
        "coordinates": [
          [
            73.7581266,
            18.5887538
          ],
          [
            73.7578995,
            18.5894861
          ]
        ]
      },
      "id": "way/1482515773"
    },
    {
      "type": "Feature",
      "properties": {
        "@id": "way/1483352962",
        "bridge": "viaduct",
        "construction": "yes",
        "construction:railway": "subway",
        "electrified": "rail",
        "frequency": "0",
        "gauge": "1435",
        "layer": "3",
        "name": "Pune Metro Line 3 (Pink Line)",
        "opening_date": "2026",
        "operator": "PMRDA",
        "railway": "subway",
        "service": "crossover",
        "voltage": "750"
      },
      "geometry": {
        "type": "LineString",
        "coordinates": [
          [
            73.7013596,
            18.5874115
          ],
          [
            73.7019021,
            18.5877405
          ]
        ]
      },
      "id": "way/1483352962"
    },
    {
      "type": "Feature",
      "properties": {
        "@id": "way/1483410306",
        "electrified": "contact_line",
        "frequency": "50",
        "gauge": "1435",
        "name": "Pune Metro Line 1: Purple Line",
        "operator": "MahaMetro",
        "railway": "subway",
        "usage": "main",
        "voltage": "25000",
        "wikidata": "Q59155676",
        "wikipedia": "en:Purple Line (Pune Metro)"
      },
      "geometry": {
        "type": "LineString",
        "coordinates": [
          [
            73.8474697,
            18.5433951
          ],
          [
            73.8474139,
            18.5442609
          ]
        ]
      },
      "id": "way/1483410306"
    },
    {
      "type": "Feature",
      "properties": {
        "@id": "way/1483410307",
        "electrified": "contact_line",
        "frequency": "50",
        "gauge": "1435",
        "name": "Pune Metro Line 1: Purple Line",
        "operator": "MahaMetro",
        "railway": "subway",
        "usage": "main",
        "voltage": "25000",
        "wikidata": "Q59155676",
        "wikipedia": "en:Purple Line (Pune Metro)"
      },
      "geometry": {
        "type": "LineString",
        "coordinates": [
          [
            73.8474518,
            18.5442614
          ],
          [
            73.8475031,
            18.5433965
          ]
        ]
      },
      "id": "way/1483410307"
    },
    {
      "type": "Feature",
      "properties": {
        "@id": "way/1483410311",
        "electrified": "contact_line",
        "embankment": "yes",
        "frequency": "50",
        "gauge": "1435",
        "incline": "up",
        "name": "Pune Metro Line 1: Purple Line",
        "operator": "MahaMetro",
        "railway": "subway",
        "usage": "main",
        "voltage": "25000",
        "wikidata": "Q59155676",
        "wikipedia": "en:Purple Line (Pune Metro)"
      },
      "geometry": {
        "type": "LineString",
        "coordinates": [
          [
            73.8474139,
            18.5442609
          ],
          [
            73.8473927,
            18.5445999
          ],
          [
            73.8473756,
            18.5447727
          ]
        ]
      },
      "id": "way/1483410311"
    },
    {
      "type": "Feature",
      "properties": {
        "@id": "way/1483410312",
        "electrified": "contact_line",
        "embankment": "yes",
        "frequency": "50",
        "gauge": "1435",
        "incline": "down",
        "name": "Pune Metro Line 1: Purple Line",
        "operator": "MahaMetro",
        "railway": "subway",
        "usage": "main",
        "voltage": "25000",
        "wikidata": "Q59155676",
        "wikipedia": "en:Purple Line (Pune Metro)"
      },
      "geometry": {
        "type": "LineString",
        "coordinates": [
          [
            73.8474142,
            18.544778
          ],
          [
            73.847432,
            18.5446025
          ],
          [
            73.8474518,
            18.5442614
          ]
        ]
      },
      "id": "way/1483410312"
    },
    {
      "type": "Feature",
      "properties": {
        "@id": "way/1483767847",
        "bridge": "viaduct",
        "construction": "yes",
        "construction:railway": "subway",
        "electrified": "rail",
        "frequency": "0",
        "gauge": "1435",
        "layer": "3",
        "name": "Pune Metro Line 3 (Pink Line)",
        "opening_date": "2026",
        "operator": "PMRDA",
        "railway": "subway",
        "service": "crossover",
        "voltage": "750"
      },
      "geometry": {
        "type": "LineString",
        "coordinates": [
          [
            73.6878095,
            18.5808621
          ],
          [
            73.6878582,
            18.5802404
          ]
        ]
      },
      "id": "way/1483767847"
    },
    {
      "type": "Feature",
      "properties": {
        "@id": "way/1483772573",
        "bridge": "viaduct",
        "construction": "yes",
        "construction:railway": "subway",
        "electrified": "rail",
        "gauge": "1435",
        "layer": "3",
        "name": "Pune Metro Line 3 (Pink Line)",
        "operator": "PMRDA",
        "railway": "subway",
        "service": "crossover"
      },
      "geometry": {
        "type": "LineString",
        "coordinates": [
          [
            73.6883688,
            18.5767587
          ],
          [
            73.6882479,
            18.5773739
          ]
        ]
      },
      "id": "way/1483772573"
    },
    {
      "type": "Feature",
      "properties": {
        "@id": "way/1483772574",
        "bridge": "viaduct",
        "construction": "yes",
        "construction:railway": "subway",
        "electrified": "rail",
        "gauge": "1435",
        "layer": "3",
        "name": "Pune Metro Line 3 (Pink Line)",
        "operator": "PMRDA",
        "railway": "subway",
        "service": "crossover"
      },
      "geometry": {
        "type": "LineString",
        "coordinates": [
          [
            73.688171,
            18.578267
          ],
          [
            73.688212,
            18.5776563
          ]
        ]
      },
      "id": "way/1483772574"
    },
    {
      "type": "Feature",
      "properties": {
        "@id": "way/1483818718",
        "construction": "yes",
        "construction:railway": "subway",
        "electrified": "rail",
        "frequency": "0",
        "gauge": "1435",
        "name": "Pune Metro Line 3 (Pink Line)",
        "opening_date": "2026",
        "operator": "PMRDA",
        "railway": "subway",
        "service": "yard",
        "voltage": "750"
      },
      "geometry": {
        "type": "LineString",
        "coordinates": [
          [
            73.6950874,
            18.5773234
          ],
          [
            73.6952777,
            18.5777168
          ]
        ]
      },
      "id": "way/1483818718"
    },
    {
      "type": "Feature",
      "properties": {
        "@id": "way/1483818719",
        "construction": "yes",
        "construction:railway": "subway",
        "electrified": "rail",
        "frequency": "0",
        "gauge": "1435",
        "name": "Pune Metro Line 3 (Pink Line)",
        "opening_date": "2026",
        "operator": "PMRDA",
        "railway": "subway",
        "service": "yard",
        "voltage": "750"
      },
      "geometry": {
        "type": "LineString",
        "coordinates": [
          [
            73.6954909,
            18.5779863
          ],
          [
            73.6952777,
            18.5775147
          ],
          [
            73.6952026,
            18.5773532
          ],
          [
            73.6949397,
            18.5768956
          ],
          [
            73.6941659,
            18.5756282
          ]
        ]
      },
      "id": "way/1483818719"
    },
    {
      "type": "Feature",
      "properties": {
        "@id": "way/1483818720",
        "construction": "yes",
        "construction:railway": "subway",
        "electrified": "rail",
        "frequency": "0",
        "gauge": "1435",
        "name": "Pune Metro Line 3 (Pink Line)",
        "opening_date": "2026",
        "operator": "PMRDA",
        "railway": "subway",
        "service": "yard",
        "voltage": "750"
      },
      "geometry": {
        "type": "LineString",
        "coordinates": [
          [
            73.6952777,
            18.5775147
          ],
          [
            73.6953936,
            18.5777344
          ],
          [
            73.6955263,
            18.5779518
          ],
          [
            73.6957369,
            18.5782912
          ],
          [
            73.6958294,
            18.5784095
          ],
          [
            73.6959246,
            18.5785137
          ],
          [
            73.6960185,
            18.5786078
          ]
        ]
      },
      "id": "way/1483818720"
    },
    {
      "type": "Feature",
      "properties": {
        "@id": "way/1483818721",
        "construction": "yes",
        "construction:railway": "subway",
        "electrified": "rail",
        "frequency": "0",
        "gauge": "1435",
        "name": "Pune Metro Line 3 (Pink Line)",
        "opening_date": "2026",
        "operator": "PMRDA",
        "railway": "subway",
        "service": "yard",
        "voltage": "750"
      },
      "geometry": {
        "type": "LineString",
        "coordinates": [
          [
            73.6964772,
            18.5789548
          ],
          [
            73.6963162,
            18.5788544
          ],
          [
            73.6962009,
            18.5787718
          ],
          [
            73.696107,
            18.5786929
          ],
          [
            73.6960185,
            18.5786078
          ],
          [
            73.6959287,
            18.5784857
          ],
          [
            73.6958254,
            18.5783345
          ],
          [
            73.6955733,
            18.5779506
          ],
          [
            73.6954941,
            18.5778044
          ],
          [
            73.6954526,
            18.5776912
          ],
          [
            73.6954097,
            18.5775565
          ],
          [
            73.6953761,
            18.5774332
          ],
          [
            73.6953413,
            18.5773213
          ],
          [
            73.6953037,
            18.5772323
          ],
          [
            73.6952541,
            18.5771433
          ],
          [
            73.6951391,
            18.5769548
          ]
        ]
      },
      "id": "way/1483818721"
    },
    {
      "type": "Feature",
      "properties": {
        "@id": "way/1483818732",
        "construction": "yes",
        "construction:railway": "subway",
        "electrified": "rail",
        "frequency": "0",
        "gauge": "1435",
        "name": "Pune Metro Line 3 (Pink Line)",
        "opening_date": "2026",
        "operator": "PMRDA",
        "railway": "subway",
        "service": "yard",
        "voltage": "750"
      },
      "geometry": {
        "type": "LineString",
        "coordinates": [
          [
            73.69685,
            18.579101
          ],
          [
            73.6969854,
            18.5791379
          ],
          [
            73.6971142,
            18.5791709
          ],
          [
            73.6972389,
            18.5792091
          ],
          [
            73.6973663,
            18.5792663
          ],
          [
            73.6974897,
            18.5793324
          ],
          [
            73.697593,
            18.5794086
          ],
          [
            73.6976788,
            18.57949
          ],
          [
            73.6977593,
            18.5795917
          ],
          [
            73.6978332,
            18.5797022
          ],
          [
            73.6978824,
            18.5797856
          ],
          [
            73.6987758,
            18.5812684
          ]
        ]
      },
      "id": "way/1483818732"
    },
    {
      "type": "Feature",
      "properties": {
        "@id": "way/1483818733",
        "construction": "yes",
        "construction:railway": "subway",
        "electrified": "rail",
        "frequency": "0",
        "gauge": "1435",
        "name": "Pune Metro Line 3 (Pink Line)",
        "opening_date": "2026",
        "operator": "PMRDA",
        "railway": "subway",
        "service": "yard",
        "voltage": "750"
      },
      "geometry": {
        "type": "LineString",
        "coordinates": [
          [
            73.6978824,
            18.5797856
          ],
          [
            73.6980302,
            18.5800887
          ],
          [
            73.698749,
            18.5812824
          ]
        ]
      },
      "id": "way/1483818733"
    },
    {
      "type": "Feature",
      "properties": {
        "@id": "way/1483818734",
        "construction": "yes",
        "construction:railway": "subway",
        "electrified": "rail",
        "frequency": "0",
        "gauge": "1435",
        "name": "Pune Metro Line 3 (Pink Line)",
        "opening_date": "2026",
        "operator": "PMRDA",
        "railway": "subway",
        "service": "yard",
        "voltage": "750"
      },
      "geometry": {
        "type": "LineString",
        "coordinates": [
          [
            73.6978332,
            18.5797022
          ],
          [
            73.6972622,
            18.5788234
          ]
        ]
      },
      "id": "way/1483818734"
    },
    {
      "type": "Feature",
      "properties": {
        "@id": "way/1483818735",
        "construction": "yes",
        "construction:railway": "subway",
        "covered": "yes",
        "electrified": "rail",
        "frequency": "0",
        "gauge": "1435",
        "name": "Pune Metro Line 3 (Pink Line)",
        "opening_date": "2026",
        "operator": "PMRDA",
        "railway": "subway",
        "service": "yard",
        "voltage": "750"
      },
      "geometry": {
        "type": "LineString",
        "coordinates": [
          [
            73.6972622,
            18.5788234
          ],
          [
            73.696964,
            18.5783243
          ]
        ]
      },
      "id": "way/1483818735"
    },
    {
      "type": "Feature",
      "properties": {
        "@id": "way/1483818736",
        "construction": "yes",
        "construction:railway": "subway",
        "electrified": "rail",
        "frequency": "0",
        "gauge": "1435",
        "name": "Pune Metro Line 3 (Pink Line)",
        "opening_date": "2026",
        "operator": "PMRDA",
        "railway": "subway",
        "service": "yard",
        "voltage": "750"
      },
      "geometry": {
        "type": "LineString",
        "coordinates": [
          [
            73.6949439,
            18.5766396
          ],
          [
            73.6944535,
            18.5758225
          ],
          [
            73.6940914,
            18.5752288
          ]
        ]
      },
      "id": "way/1483818736"
    },
    {
      "type": "Feature",
      "properties": {
        "@id": "way/1483818737",
        "construction": "yes",
        "construction:railway": "subway",
        "covered": "yes",
        "electrified": "rail",
        "frequency": "0",
        "gauge": "1435",
        "name": "Pune Metro Line 3 (Pink Line)",
        "opening_date": "2026",
        "operator": "PMRDA",
        "railway": "subway",
        "service": "yard",
        "voltage": "750"
      },
      "geometry": {
        "type": "LineString",
        "coordinates": [
          [
            73.6951391,
            18.5769548
          ],
          [
            73.6949439,
            18.5766396
          ]
        ]
      },
      "id": "way/1483818737"
    },
    {
      "type": "Feature",
      "properties": {
        "@id": "way/1483830293",
        "construction": "yes",
        "construction:railway": "subway",
        "covered": "yes",
        "electrified": "rail",
        "frequency": "0",
        "gauge": "1435",
        "name": "Pune Metro Line 3 (Pink Line)",
        "opening_date": "2026",
        "operator": "PMRDA",
        "railway": "subway",
        "service": "yard",
        "voltage": "750"
      },
      "geometry": {
        "type": "LineString",
        "coordinates": [
          [
            73.697594,
            18.5796739
          ],
          [
            73.6985317,
            18.5812423
          ]
        ]
      },
      "id": "way/1483830293"
    },
    {
      "type": "Feature",
      "properties": {
        "@id": "way/1483830294",
        "construction": "yes",
        "construction:railway": "subway",
        "covered": "yes",
        "electrified": "rail",
        "frequency": "0",
        "gauge": "1435",
        "name": "Pune Metro Line 3 (Pink Line)",
        "opening_date": "2026",
        "operator": "PMRDA",
        "railway": "subway",
        "service": "yard",
        "voltage": "750"
      },
      "geometry": {
        "type": "LineString",
        "coordinates": [
          [
            73.697533,
            18.5797059
          ],
          [
            73.6984687,
            18.5812741
          ]
        ]
      },
      "id": "way/1483830294"
    },
    {
      "type": "Feature",
      "properties": {
        "@id": "way/1483830295",
        "construction": "yes",
        "construction:railway": "subway",
        "electrified": "rail",
        "frequency": "0",
        "gauge": "1435",
        "name": "Pune Metro Line 3 (Pink Line)",
        "opening_date": "2026",
        "operator": "PMRDA",
        "railway": "subway",
        "service": "yard",
        "voltage": "750"
      },
      "geometry": {
        "type": "LineString",
        "coordinates": [
          [
            73.6966046,
            18.5790133
          ],
          [
            73.6967896,
            18.5791029
          ],
          [
            73.6969398,
            18.579169
          ],
          [
            73.6970726,
            18.5792262
          ],
          [
            73.6972,
            18.5792974
          ],
          [
            73.6973288,
            18.5793838
          ],
          [
            73.6974401,
            18.5794817
          ],
          [
            73.6975272,
            18.5795809
          ],
          [
            73.697594,
            18.5796739
          ]
        ]
      },
      "id": "way/1483830295"
    },
    {
      "type": "Feature",
      "properties": {
        "@id": "way/1483830296",
        "construction": "yes",
        "construction:railway": "subway",
        "electrified": "rail",
        "frequency": "0",
        "gauge": "1435",
        "name": "Pune Metro Line 3 (Pink Line)",
        "opening_date": "2026",
        "operator": "PMRDA",
        "railway": "subway",
        "service": "yard",
        "voltage": "750"
      },
      "geometry": {
        "type": "LineString",
        "coordinates": [
          [
            73.6967896,
            18.5791029
          ],
          [
            73.6970619,
            18.5792555
          ],
          [
            73.6971772,
            18.579333
          ],
          [
            73.6972912,
            18.5794182
          ],
          [
            73.6973972,
            18.579511
          ],
          [
            73.6974629,
            18.5795949
          ],
          [
            73.697533,
            18.5797059
          ]
        ]
      },
      "id": "way/1483830296"
    },
    {
      "type": "Feature",
      "properties": {
        "@id": "way/1484228014",
        "construction": "yes",
        "construction:railway": "subway",
        "electrified": "rail",
        "frequency": "0",
        "gauge": "1435",
        "name": "Pune Metro Line 3 (Pink Line)",
        "opening_date": "2026",
        "operator": "PMRDA",
        "railway": "subway",
        "service": "yard",
        "voltage": "750"
      },
      "geometry": {
        "type": "LineString",
        "coordinates": [
          [
            73.6951387,
            18.5774839
          ],
          [
            73.6950325,
            18.5773349
          ],
          [
            73.6949413,
            18.5772205
          ],
          [
            73.6948501,
            18.5771176
          ],
          [
            73.6947737,
            18.5770337
          ],
          [
            73.694712,
            18.5769574
          ],
          [
            73.6940441,
            18.5758501
          ]
        ]
      },
      "id": "way/1484228014"
    },
    {
      "type": "Feature",
      "properties": {
        "@id": "way/1484228015",
        "construction": "yes",
        "construction:railway": "subway",
        "electrified": "rail",
        "frequency": "0",
        "gauge": "1435",
        "name": "Pune Metro Line 3 (Pink Line)",
        "opening_date": "2026",
        "operator": "PMRDA",
        "railway": "subway",
        "service": "yard",
        "voltage": "750"
      },
      "geometry": {
        "type": "LineString",
        "coordinates": [
          [
            73.6948501,
            18.5771176
          ],
          [
            73.6949306,
            18.5772281
          ],
          [
            73.6950178,
            18.5773667
          ],
          [
            73.6954349,
            18.5780595
          ],
          [
            73.6954952,
            18.5781752
          ],
          [
            73.6955489,
            18.578296
          ],
          [
            73.6955958,
            18.5784295
          ],
          [
            73.6956159,
            18.5785413
          ],
          [
            73.6956334,
            18.5787562
          ],
          [
            73.6956534,
            18.5788643
          ],
          [
            73.6956642,
            18.5789227
          ],
          [
            73.6957044,
            18.5790523
          ],
          [
            73.6957581,
            18.5791858
          ],
          [
            73.6958184,
            18.5793104
          ],
          [
            73.6973728,
            18.5819075
          ]
        ]
      },
      "id": "way/1484228015"
    },
    {
      "type": "Feature",
      "properties": {
        "@id": "way/1484228016",
        "construction": "yes",
        "construction:railway": "subway",
        "electrified": "rail",
        "frequency": "0",
        "gauge": "1435",
        "name": "Pune Metro Line 3 (Pink Line)",
        "opening_date": "2026",
        "operator": "PMRDA",
        "railway": "subway",
        "service": "yard",
        "voltage": "750"
      },
      "geometry": {
        "type": "LineString",
        "coordinates": [
          [
            73.6958184,
            18.5793104
          ],
          [
            73.6934272,
            18.575334
          ]
        ]
      },
      "id": "way/1484228016"
    },
    {
      "type": "Feature",
      "properties": {
        "@id": "way/1484228017",
        "construction": "yes",
        "construction:railway": "subway",
        "electrified": "rail",
        "frequency": "0",
        "gauge": "1435",
        "name": "Pune Metro Line 3 (Pink Line)",
        "opening_date": "2026",
        "operator": "PMRDA",
        "railway": "subway",
        "service": "yard",
        "voltage": "750"
      },
      "geometry": {
        "type": "LineString",
        "coordinates": [
          [
            73.6954349,
            18.5780595
          ],
          [
            73.6955891,
            18.5783278
          ],
          [
            73.6956454,
            18.5784434
          ],
          [
            73.695683,
            18.5785426
          ],
          [
            73.6958238,
            18.5789913
          ],
          [
            73.6958654,
            18.5791045
          ],
          [
            73.6959096,
            18.5791973
          ],
          [
            73.6959646,
            18.5792901
          ],
          [
            73.6962757,
            18.5798265
          ]
        ]
      },
      "id": "way/1484228017"
    },
    {
      "type": "Feature",
      "properties": {
        "@id": "way/1484228018",
        "construction": "yes",
        "construction:railway": "subway",
        "electrified": "rail",
        "frequency": "0",
        "gauge": "1435",
        "name": "Pune Metro Line 3 (Pink Line)",
        "opening_date": "2026",
        "operator": "PMRDA",
        "railway": "subway",
        "service": "yard",
        "voltage": "750"
      },
      "geometry": {
        "type": "LineString",
        "coordinates": [
          [
            73.6956599,
            18.5783499
          ],
          [
            73.6957447,
            18.5785146
          ],
          [
            73.695805,
            18.5786519
          ],
          [
            73.6958506,
            18.5787841
          ],
          [
            73.6958828,
            18.5789329
          ],
          [
            73.6959083,
            18.579074
          ],
          [
            73.6959324,
            18.5791846
          ],
          [
            73.6959646,
            18.5792901
          ]
        ]
      },
      "id": "way/1484228018"
    },
    {
      "type": "Feature",
      "properties": {
        "@id": "way/1484228019",
        "construction": "yes",
        "construction:railway": "subway",
        "electrified": "rail",
        "frequency": "0",
        "gauge": "1435",
        "name": "Pune Metro Line 3 (Pink Line)",
        "opening_date": "2026",
        "operator": "PMRDA",
        "railway": "subway",
        "service": "yard",
        "voltage": "750"
      },
      "geometry": {
        "type": "LineString",
        "coordinates": [
          [
            73.6958506,
            18.5787841
          ],
          [
            73.6959767,
            18.5791197
          ],
          [
            73.6960223,
            18.5792227
          ],
          [
            73.6960732,
            18.5793129
          ]
        ]
      },
      "id": "way/1484228019"
    },
    {
      "type": "Feature",
      "properties": {
        "@id": "way/1484228020",
        "construction": "yes",
        "construction:railway": "subway",
        "electrified": "rail",
        "frequency": "0",
        "gauge": "1435",
        "name": "Pune Metro Line 3 (Pink Line)",
        "opening_date": "2026",
        "operator": "PMRDA",
        "railway": "subway",
        "service": "yard",
        "voltage": "750"
      },
      "geometry": {
        "type": "LineString",
        "coordinates": [
          [
            73.6953613,
            18.5778553
          ],
          [
            73.6956371,
            18.578224
          ]
        ]
      },
      "id": "way/1484228020"
    },
    {
      "type": "Feature",
      "properties": {
        "@id": "way/1484228021",
        "construction": "yes",
        "construction:railway": "subway",
        "covered": "yes",
        "electrified": "rail",
        "frequency": "0",
        "gauge": "1435",
        "name": "Pune Metro Line 3 (Pink Line)",
        "opening_date": "2026",
        "operator": "PMRDA",
        "railway": "subway",
        "service": "yard",
        "voltage": "750"
      },
      "geometry": {
        "type": "LineString",
        "coordinates": [
          [
            73.6962861,
            18.5793151
          ],
          [
            73.6976908,
            18.5816596
          ]
        ]
      },
      "id": "way/1484228021"
    },
    {
      "type": "Feature",
      "properties": {
        "@id": "way/1484228023",
        "construction": "yes",
        "construction:railway": "subway",
        "electrified": "rail",
        "frequency": "0",
        "gauge": "1435",
        "name": "Pune Metro Line 3 (Pink Line)",
        "opening_date": "2026",
        "operator": "PMRDA",
        "railway": "subway",
        "service": "yard",
        "voltage": "750"
      },
      "geometry": {
        "type": "LineString",
        "coordinates": [
          [
            73.6958077,
            18.5785972
          ],
          [
            73.6958762,
            18.5787399
          ],
          [
            73.6959391,
            18.5788898
          ]
        ]
      },
      "id": "way/1484228023"
    },
    {
      "type": "Feature",
      "properties": {
        "@id": "way/1484228024",
        "construction": "yes",
        "construction:railway": "subway",
        "electrified": "rail",
        "frequency": "0",
        "gauge": "1435",
        "name": "Pune Metro Line 3 (Pink Line)",
        "opening_date": "2026",
        "operator": "PMRDA",
        "railway": "subway",
        "service": "yard",
        "voltage": "750"
      },
      "geometry": {
        "type": "LineString",
        "coordinates": [
          [
            73.6959731,
            18.5788756
          ],
          [
            73.6960257,
            18.5789943
          ],
          [
            73.6960709,
            18.5791298
          ]
        ]
      },
      "id": "way/1484228024"
    },
    {
      "type": "Feature",
      "properties": {
        "@id": "way/1484228025",
        "construction": "yes",
        "construction:railway": "subway",
        "covered": "yes",
        "electrified": "rail",
        "frequency": "0",
        "gauge": "1435",
        "name": "Pune Metro Line 3 (Pink Line)",
        "opening_date": "2026",
        "operator": "PMRDA",
        "railway": "subway",
        "service": "yard",
        "voltage": "750"
      },
      "geometry": {
        "type": "LineString",
        "coordinates": [
          [
            73.6963299,
            18.5792928
          ],
          [
            73.6977347,
            18.5816339
          ]
        ]
      },
      "id": "way/1484228025"
    },
    {
      "type": "Feature",
      "properties": {
        "@id": "way/1484228026",
        "construction": "yes",
        "construction:railway": "subway",
        "electrified": "rail",
        "frequency": "0",
        "gauge": "1435",
        "name": "Pune Metro Line 3 (Pink Line)",
        "opening_date": "2026",
        "operator": "PMRDA",
        "railway": "subway",
        "service": "yard",
        "voltage": "750"
      },
      "geometry": {
        "type": "LineString",
        "coordinates": [
          [
            73.6960211,
            18.5788568
          ],
          [
            73.6960871,
            18.5789435
          ],
          [
            73.6961596,
            18.5790286
          ],
          [
            73.696232,
            18.5791287
          ],
          [
            73.6963299,
            18.5792928
          ]
        ]
      },
      "id": "way/1484228026"
    },
    {
      "type": "Feature",
      "properties": {
        "@id": "way/1484228027",
        "construction": "yes",
        "construction:railway": "subway",
        "electrified": "rail",
        "frequency": "0",
        "gauge": "1435",
        "name": "Pune Metro Line 3 (Pink Line)",
        "opening_date": "2026",
        "operator": "PMRDA",
        "railway": "subway",
        "service": "yard",
        "voltage": "750"
      },
      "geometry": {
        "type": "LineString",
        "coordinates": [
          [
            73.695702,
            18.5783293
          ],
          [
            73.6958479,
            18.5785782
          ],
          [
            73.6960211,
            18.5788568
          ],
          [
            73.6962861,
            18.5793151
          ]
        ]
      },
      "id": "way/1484228027"
    },
    {
      "type": "Feature",
      "properties": {
        "@id": "way/1484273586",
        "construction": "yes",
        "construction:railway": "subway",
        "covered": "yes",
        "electrified": "rail",
        "frequency": "0",
        "gauge": "1435",
        "name": "Pune Metro Line 3 (Pink Line)",
        "opening_date": "2026",
        "operator": "PMRDA",
        "railway": "subway",
        "service": "yard",
        "voltage": "750"
      },
      "geometry": {
        "type": "LineString",
        "coordinates": [
          [
            73.696424,
            18.5792428
          ],
          [
            73.697831,
            18.5815866
          ]
        ]
      },
      "id": "way/1484273586"
    },
    {
      "type": "Feature",
      "properties": {
        "@id": "way/1484273587",
        "construction": "yes",
        "construction:railway": "subway",
        "covered": "yes",
        "electrified": "rail",
        "frequency": "0",
        "gauge": "1435",
        "name": "Pune Metro Line 3 (Pink Line)",
        "opening_date": "2026",
        "operator": "PMRDA",
        "railway": "subway",
        "service": "yard",
        "voltage": "750"
      },
      "geometry": {
        "type": "LineString",
        "coordinates": [
          [
            73.6963793,
            18.5792669
          ],
          [
            73.6977868,
            18.5816095
          ]
        ]
      },
      "id": "way/1484273587"
    },
    {
      "type": "Feature",
      "properties": {
        "@id": "way/1484273588",
        "construction": "yes",
        "construction:railway": "subway",
        "electrified": "rail",
        "frequency": "0",
        "gauge": "1435",
        "name": "Pune Metro Line 3 (Pink Line)",
        "opening_date": "2026",
        "operator": "PMRDA",
        "railway": "subway",
        "service": "yard",
        "voltage": "750"
      },
      "geometry": {
        "type": "LineString",
        "coordinates": [
          [
            73.6958415,
            18.5785251
          ],
          [
            73.6959388,
            18.5786475
          ],
          [
            73.6960179,
            18.5787302
          ],
          [
            73.6961386,
            18.5788382
          ],
          [
            73.6963559,
            18.5790544
          ],
          [
            73.6965477,
            18.5792298
          ],
          [
            73.6967931,
            18.5794751
          ],
          [
            73.6969527,
            18.5796506
          ],
          [
            73.697072,
            18.5797879
          ],
          [
            73.6971512,
            18.579906
          ]
        ]
      },
      "id": "way/1484273588"
    },
    {
      "type": "Feature",
      "properties": {
        "@id": "way/1484273589",
        "construction": "yes",
        "construction:railway": "subway",
        "electrified": "rail",
        "frequency": "0",
        "gauge": "1435",
        "name": "Pune Metro Line 3 (Pink Line)",
        "opening_date": "2026",
        "operator": "PMRDA",
        "railway": "subway",
        "service": "yard",
        "voltage": "750"
      },
      "geometry": {
        "type": "LineString",
        "coordinates": [
          [
            73.6974196,
            18.5805558
          ],
          [
            73.6979505,
            18.5814519
          ]
        ]
      },
      "id": "way/1484273589"
    },
    {
      "type": "Feature",
      "properties": {
        "@id": "way/1484273590",
        "construction": "yes",
        "construction:railway": "subway",
        "covered": "yes",
        "electrified": "rail",
        "frequency": "0",
        "gauge": "1435",
        "name": "Pune Metro Line 3 (Pink Line)",
        "opening_date": "2026",
        "operator": "PMRDA",
        "railway": "subway",
        "service": "yard",
        "voltage": "750"
      },
      "geometry": {
        "type": "LineString",
        "coordinates": [
          [
            73.6972048,
            18.5798775
          ],
          [
            73.6980282,
            18.5812523
          ]
        ]
      },
      "id": "way/1484273590"
    },
    {
      "type": "Feature",
      "properties": {
        "@id": "way/1484273591",
        "construction": "yes",
        "construction:railway": "subway",
        "electrified": "rail",
        "frequency": "0",
        "gauge": "1435",
        "name": "Pune Metro Line 3 (Pink Line)",
        "opening_date": "2026",
        "operator": "PMRDA",
        "railway": "subway",
        "service": "yard",
        "voltage": "750"
      },
      "geometry": {
        "type": "LineString",
        "coordinates": [
          [
            73.6958479,
            18.5785782
          ],
          [
            73.6959293,
            18.5786832
          ],
          [
            73.6960071,
            18.5787696
          ],
          [
            73.6962016,
            18.578945
          ],
          [
            73.6962914,
            18.5790442
          ],
          [
            73.6963612,
            18.5791408
          ],
          [
            73.696424,
            18.5792428
          ]
        ]
      },
      "id": "way/1484273591"
    },
    {
      "type": "Feature",
      "properties": {
        "@id": "way/1484273592",
        "construction": "yes",
        "construction:railway": "subway",
        "electrified": "rail",
        "frequency": "0",
        "gauge": "1435",
        "name": "Pune Metro Line 3 (Pink Line)",
        "opening_date": "2026",
        "operator": "PMRDA",
        "railway": "subway",
        "service": "yard",
        "voltage": "750"
      },
      "geometry": {
        "type": "LineString",
        "coordinates": [
          [
            73.6960071,
            18.5787696
          ],
          [
            73.6961037,
            18.5788764
          ],
          [
            73.6961962,
            18.5789933
          ],
          [
            73.6962794,
            18.579109
          ],
          [
            73.6963793,
            18.5792669
          ]
        ]
      },
      "id": "way/1484273592"
    },
    {
      "type": "Feature",
      "properties": {
        "@id": "way/1484273593",
        "construction": "yes",
        "construction:railway": "subway",
        "electrified": "rail",
        "frequency": "0",
        "gauge": "1435",
        "name": "Pune Metro Line 3 (Pink Line)",
        "opening_date": "2026",
        "operator": "PMRDA",
        "railway": "subway",
        "service": "yard",
        "voltage": "750"
      },
      "geometry": {
        "type": "LineString",
        "coordinates": [
          [
            73.6965477,
            18.5792298
          ],
          [
            73.6966885,
            18.5793468
          ],
          [
            73.6968333,
            18.5794548
          ],
          [
            73.6969594,
            18.5795667
          ],
          [
            73.6970801,
            18.5797014
          ],
          [
            73.6972048,
            18.5798775
          ]
        ]
      },
      "id": "way/1484273593"
    },
    {
      "type": "Feature",
      "properties": {
        "@id": "way/1484273594",
        "construction": "yes",
        "construction:railway": "subway",
        "covered": "yes",
        "electrified": "rail",
        "frequency": "0",
        "gauge": "1435",
        "name": "Pune Metro Line 3 (Pink Line)",
        "opening_date": "2026",
        "operator": "PMRDA",
        "railway": "subway",
        "service": "yard",
        "voltage": "750"
      },
      "geometry": {
        "type": "LineString",
        "coordinates": [
          [
            73.6972613,
            18.5798473
          ],
          [
            73.698094,
            18.5812192
          ]
        ]
      },
      "id": "way/1484273594"
    },
    {
      "type": "Feature",
      "properties": {
        "@id": "way/1484273595",
        "construction": "yes",
        "construction:railway": "subway",
        "covered": "yes",
        "electrified": "rail",
        "frequency": "0",
        "gauge": "1435",
        "name": "Pune Metro Line 3 (Pink Line)",
        "opening_date": "2026",
        "operator": "PMRDA",
        "railway": "subway",
        "service": "yard",
        "voltage": "750"
      },
      "geometry": {
        "type": "LineString",
        "coordinates": [
          [
            73.6973255,
            18.579813
          ],
          [
            73.6981503,
            18.58119
          ]
        ]
      },
      "id": "way/1484273595"
    },
    {
      "type": "Feature",
      "properties": {
        "@id": "way/1484273596",
        "construction": "yes",
        "construction:railway": "subway",
        "electrified": "rail",
        "frequency": "0",
        "gauge": "1435",
        "name": "Pune Metro Line 3 (Pink Line)",
        "opening_date": "2026",
        "operator": "PMRDA",
        "railway": "subway",
        "service": "yard",
        "voltage": "750"
      },
      "geometry": {
        "type": "LineString",
        "coordinates": [
          [
            73.6963733,
            18.579034
          ],
          [
            73.6965289,
            18.5791294
          ],
          [
            73.6966845,
            18.5792107
          ],
          [
            73.6968548,
            18.5793048
          ],
          [
            73.6969862,
            18.5793989
          ],
          [
            73.6970989,
            18.5795006
          ],
          [
            73.6972035,
            18.5796175
          ],
          [
            73.6973255,
            18.579813
          ]
        ]
      },
      "id": "way/1484273596"
    },
    {
      "type": "Feature",
      "properties": {
        "@id": "way/1484273597",
        "construction": "yes",
        "construction:railway": "subway",
        "electrified": "rail",
        "frequency": "0",
        "gauge": "1435",
        "name": "Pune Metro Line 3 (Pink Line)",
        "opening_date": "2026",
        "operator": "PMRDA",
        "railway": "subway",
        "service": "yard",
        "voltage": "750"
      },
      "geometry": {
        "type": "LineString",
        "coordinates": [
          [
            73.6961386,
            18.5788382
          ],
          [
            73.6963733,
            18.579034
          ],
          [
            73.6965007,
            18.5791306
          ],
          [
            73.6967046,
            18.5792743
          ],
          [
            73.6969218,
            18.5794345
          ],
          [
            73.6970097,
            18.5795107
          ],
          [
            73.6970895,
            18.5795946
          ],
          [
            73.6971552,
            18.5796773
          ],
          [
            73.6972613,
            18.5798473
          ]
        ]
      },
      "id": "way/1484273597"
    },
    {
      "type": "Feature",
      "properties": {
        "@id": "way/1484273598",
        "construction": "yes",
        "construction:railway": "subway",
        "covered": "yes",
        "electrified": "rail",
        "frequency": "0",
        "gauge": "1435",
        "name": "Pune Metro Line 3 (Pink Line)",
        "opening_date": "2026",
        "operator": "PMRDA",
        "railway": "subway",
        "service": "yard",
        "voltage": "750"
      },
      "geometry": {
        "type": "LineString",
        "coordinates": [
          [
            73.6971512,
            18.579906
          ],
          [
            73.6979786,
            18.5812777
          ]
        ]
      },
      "id": "way/1484273598"
    },
    {
      "type": "Feature",
      "properties": {
        "@id": "way/1484273600",
        "construction": "yes",
        "construction:railway": "subway",
        "electrified": "rail",
        "frequency": "0",
        "gauge": "1435",
        "name": "Pune Metro Line 3 (Pink Line)",
        "opening_date": "2026",
        "operator": "PMRDA",
        "railway": "subway",
        "service": "yard",
        "voltage": "750"
      },
      "geometry": {
        "type": "LineString",
        "coordinates": [
          [
            73.6963559,
            18.5790544
          ],
          [
            73.6964994,
            18.5792311
          ],
          [
            73.6967166,
            18.5795425
          ],
          [
            73.696836,
            18.5796824
          ],
          [
            73.696946,
            18.5798063
          ],
          [
            73.6970188,
            18.5798982
          ],
          [
            73.6970576,
            18.5799559
          ]
        ]
      },
      "id": "way/1484273600"
    },
    {
      "type": "Feature",
      "properties": {
        "@id": "way/1484273601",
        "construction": "yes",
        "construction:railway": "subway",
        "covered": "yes",
        "electrified": "rail",
        "frequency": "0",
        "gauge": "1435",
        "name": "Pune Metro Line 3 (Pink Line)",
        "opening_date": "2026",
        "operator": "PMRDA",
        "railway": "subway",
        "service": "yard",
        "voltage": "750"
      },
      "geometry": {
        "type": "LineString",
        "coordinates": [
          [
            73.6970576,
            18.5799559
          ],
          [
            73.6974196,
            18.5805558
          ]
        ]
      },
      "id": "way/1484273601"
    },
    {
      "type": "Feature",
      "properties": {
        "@id": "way/1488580786",
        "bridge": "viaduct",
        "electrified": "contact_line",
        "frequency": "50",
        "gauge": "1435",
        "layer": "1",
        "name": "Pune Metro Purple Line",
        "operator": "Maha Metro",
        "railway": "subway",
        "service": "crossover",
        "voltage": "25000"
      },
      "geometry": {
        "type": "LineString",
        "coordinates": [
          [
            73.8459747,
            18.5495278
          ],
          [
            73.8461283,
            18.5491248
          ]
        ]
      },
      "id": "way/1488580786"
    },
    {
      "type": "Feature",
      "properties": {
        "@id": "way/1488580787",
        "bridge": "viaduct",
        "electrified": "contact_line",
        "frequency": "50",
        "gauge": "1435",
        "incline": "down",
        "layer": "1",
        "name": "Pune Metro Purple Line",
        "operator": "Maha Metro",
        "railway": "subway",
        "service": "spur",
        "voltage": "25000"
      },
      "geometry": {
        "type": "LineString",
        "coordinates": [
          [
            73.8460239,
            18.5495389
          ],
          [
            73.8461743,
            18.5491338
          ],
          [
            73.8461958,
            18.549055
          ],
          [
            73.8463634,
            18.5485985
          ],
          [
            73.8466102,
            18.5476564
          ],
          [
            73.8466853,
            18.5473995
          ],
          [
            73.8467711,
            18.5471847
          ],
          [
            73.8468799,
            18.5469351
          ],
          [
            73.8473535,
            18.5459026
          ],
          [
            73.8474342,
            18.5457062
          ],
          [
            73.8475222,
            18.5454684
          ]
        ]
      },
      "id": "way/1488580787"
    },
    {
      "type": "Feature",
      "properties": {
        "@id": "way/1488580788",
        "bridge": "viaduct",
        "electrified": "contact_line",
        "frequency": "50",
        "gauge": "1435",
        "layer": "1",
        "name": "Pune Metro Purple Line",
        "operator": "Maha Metro",
        "railway": "subway",
        "service": "spur",
        "voltage": "25000"
      },
      "geometry": {
        "type": "LineString",
        "coordinates": [
          [
            73.846148,
            18.5490465
          ],
          [
            73.8463218,
            18.5485883
          ],
          [
            73.8465699,
            18.5476462
          ],
          [
            73.8466493,
            18.5473915
          ],
          [
            73.8467365,
            18.5471652
          ],
          [
            73.8468424,
            18.5469237
          ],
          [
            73.8473193,
            18.5458912
          ],
          [
            73.8473995,
            18.5456948
          ],
          [
            73.8474822,
            18.5454571
          ]
        ]
      },
      "id": "way/1488580788"
    },
    {
      "type": "Feature",
      "properties": {
        "@id": "way/1488580789",
        "bridge": "viaduct",
        "electrified": "contact_line",
        "frequency": "50",
        "gauge": "1435",
        "layer": "1",
        "name": "Pune Metro Purple Line",
        "operator": "Maha Metro",
        "railway": "subway",
        "service": "spur",
        "voltage": "25000"
      },
      "geometry": {
        "type": "LineString",
        "coordinates": [
          [
            73.8461958,
            18.549055
          ],
          [
            73.8463218,
            18.5485883
          ]
        ]
      },
      "id": "way/1488580789"
    },
    {
      "type": "Feature",
      "properties": {
        "@id": "way/1488580790",
        "bridge": "viaduct",
        "electrified": "contact_line",
        "frequency": "50",
        "gauge": "1435",
        "layer": "1",
        "name": "Pune Metro Purple Line",
        "operator": "Maha Metro",
        "railway": "subway",
        "service": "yard",
        "voltage": "25000"
      },
      "geometry": {
        "type": "LineString",
        "coordinates": [
          [
            73.8461743,
            18.5491338
          ],
          [
            73.8460511,
            18.5496265
          ],
          [
            73.8460442,
            18.5496538
          ]
        ]
      },
      "id": "way/1488580790"
    },
    {
      "type": "Feature",
      "properties": {
        "@id": "way/1488580791",
        "bridge": "viaduct",
        "electrified": "contact_line",
        "frequency": "50",
        "gauge": "1435",
        "layer": "1",
        "name": "Pune Metro Purple Line",
        "operator": "Maha Metro",
        "railway": "subway",
        "service": "yard",
        "voltage": "25000"
      },
      "geometry": {
        "type": "LineString",
        "coordinates": [
          [
            73.8463634,
            18.5485985
          ],
          [
            73.8460934,
            18.5496334
          ],
          [
            73.8460858,
            18.5496627
          ]
        ]
      },
      "id": "way/1488580791"
    },
    {
      "type": "Feature",
      "properties": {
        "@id": "way/1488580792",
        "electrified": "contact_line",
        "frequency": "50",
        "gauge": "1435",
        "name": "Pune Metro Purple Line",
        "operator": "Maha Metro",
        "railway": "subway",
        "service": "spur",
        "voltage": "25000"
      },
      "geometry": {
        "type": "LineString",
        "coordinates": [
          [
            73.8476663,
            18.5444278
          ],
          [
            73.8476703,
            18.5443026
          ],
          [
            73.8476676,
            18.5441445
          ],
          [
            73.8476623,
            18.5440231
          ],
          [
            73.8476569,
            18.5439283
          ],
          [
            73.8476569,
            18.543774
          ],
          [
            73.8476663,
            18.5435869
          ],
          [
            73.8476876,
            18.5434086
          ],
          [
            73.8477089,
            18.543229
          ],
          [
            73.8477209,
            18.5430343
          ],
          [
            73.8477507,
            18.5426617
          ],
          [
            73.8477641,
            18.5424811
          ],
          [
            73.8477923,
            18.5421226
          ],
          [
            73.8478017,
            18.5418708
          ]
        ]
      },
      "id": "way/1488580792"
    },
    {
      "type": "Feature",
      "properties": {
        "@id": "way/1488580793",
        "electrified": "contact_line",
        "frequency": "50",
        "gauge": "1435",
        "name": "Pune Metro Purple Line",
        "operator": "Maha Metro",
        "railway": "subway",
        "service": "spur",
        "voltage": "25000"
      },
      "geometry": {
        "type": "LineString",
        "coordinates": [
          [
            73.8477023,
            18.5444303
          ],
          [
            73.8477289,
            18.5439548
          ],
          [
            73.8477583,
            18.5434566
          ],
          [
            73.847769,
            18.5432619
          ],
          [
            73.8477963,
            18.5426655
          ],
          [
            73.847803,
            18.5424849
          ],
          [
            73.8478271,
            18.5421238
          ],
          [
            73.8478379,
            18.5418714
          ]
        ]
      },
      "id": "way/1488580793"
    },
    {
      "type": "Feature",
      "properties": {
        "@id": "way/1488580794",
        "bridge": "viaduct",
        "electrified": "contact_line",
        "frequency": "50",
        "gauge": "1435",
        "incline": "up",
        "layer": "1",
        "name": "Pune Metro Purple Line",
        "operator": "Maha Metro",
        "railway": "subway",
        "service": "spur",
        "voltage": "25000"
      },
      "geometry": {
        "type": "LineString",
        "coordinates": [
          [
            73.8476663,
            18.5444278
          ],
          [
            73.8476436,
            18.5447224
          ],
          [
            73.8476076,
            18.5449639
          ],
          [
            73.8475582,
            18.545213
          ],
          [
            73.8474822,
            18.5454571
          ]
        ]
      },
      "id": "way/1488580794"
    },
    {
      "type": "Feature",
      "properties": {
        "@id": "way/1488580795",
        "bridge": "viaduct",
        "electrified": "contact_line",
        "frequency": "50",
        "gauge": "1435",
        "incline": "down",
        "layer": "1",
        "name": "Pune Metro Purple Line",
        "operator": "Maha Metro",
        "railway": "subway",
        "service": "spur",
        "voltage": "25000"
      },
      "geometry": {
        "type": "LineString",
        "coordinates": [
          [
            73.8475222,
            18.5454684
          ],
          [
            73.8475956,
            18.5452257
          ],
          [
            73.8476449,
            18.5449791
          ],
          [
            73.8476809,
            18.5447199
          ],
          [
            73.8477023,
            18.5444303
          ]
        ]
      },
      "id": "way/1488580795"
    },
    {
      "type": "Feature",
      "properties": {
        "@id": "way/1488589028",
        "electrified": "contact_line",
        "frequency": "50",
        "gauge": "1435",
        "name": "Pune Metro Purple Line",
        "operator": "Maha Metro",
        "railway": "subway",
        "service": "yard",
        "voltage": "25000"
      },
      "geometry": {
        "type": "LineString",
        "coordinates": [
          [
            73.8477507,
            18.5426617
          ],
          [
            73.8477172,
            18.5428855
          ],
          [
            73.8476877,
            18.5430495
          ],
          [
            73.8476421,
            18.5432669
          ],
          [
            73.8476152,
            18.5434233
          ],
          [
            73.8475992,
            18.5435784
          ],
          [
            73.8475578,
            18.5443642
          ],
          [
            73.8475562,
            18.5443934
          ]
        ]
      },
      "id": "way/1488589028"
    },
    {
      "type": "Feature",
      "properties": {
        "@id": "way/1488589029",
        "electrified": "contact_line",
        "frequency": "50",
        "gauge": "1435",
        "name": "Pune Metro Purple Line",
        "operator": "Maha Metro",
        "railway": "subway",
        "service": "crossover",
        "voltage": "25000"
      },
      "geometry": {
        "type": "LineString",
        "coordinates": [
          [
            73.8477641,
            18.5424811
          ],
          [
            73.8477973,
            18.5422929
          ],
          [
            73.8478271,
            18.5421238
          ]
        ]
      },
      "id": "way/1488589029"
    },
    {
      "type": "Feature",
      "properties": {
        "@id": "way/1488589030",
        "electrified": "contact_line",
        "frequency": "50",
        "gauge": "1435",
        "name": "Pune Metro Purple Line",
        "operator": "Maha Metro",
        "railway": "subway",
        "service": "crossover",
        "voltage": "25000"
      },
      "geometry": {
        "type": "LineString",
        "coordinates": [
          [
            73.8477923,
            18.5421226
          ],
          [
            73.8477973,
            18.5422929
          ],
          [
            73.847803,
            18.5424849
          ]
        ]
      },
      "id": "way/1488589030"
    },
    {
      "type": "Feature",
      "properties": {
        "@id": "way/1488589035",
        "electrified": "contact_line",
        "frequency": "50",
        "gauge": "1435",
        "operator": "Maha Metro",
        "railway": "subway",
        "service": "yard",
        "voltage": "25000"
      },
      "geometry": {
        "type": "LineString",
        "coordinates": [
          [
            73.8478017,
            18.5418708
          ],
          [
            73.8477805,
            18.5415914
          ],
          [
            73.8477767,
            18.5414671
          ],
          [
            73.8477874,
            18.5412675
          ],
          [
            73.8477861,
            18.5410984
          ],
          [
            73.8477606,
            18.5408352
          ],
          [
            73.8477606,
            18.5407627
          ],
          [
            73.8477803,
            18.5403888
          ],
          [
            73.8477847,
            18.5403049
          ]
        ]
      },
      "id": "way/1488589035"
    },
    {
      "type": "Feature",
      "properties": {
        "@id": "way/1488589036",
        "electrified": "contact_line",
        "frequency": "50",
        "gauge": "1435",
        "operator": "Maha Metro",
        "railway": "subway",
        "service": "yard",
        "voltage": "25000"
      },
      "geometry": {
        "type": "LineString",
        "coordinates": [
          [
            73.8478017,
            18.5418708
          ],
          [
            73.8478121,
            18.5415901
          ],
          [
            73.8478196,
            18.5414442
          ],
          [
            73.8479698,
            18.5390245
          ],
          [
            73.8479832,
            18.5389257
          ],
          [
            73.8479993,
            18.5388468
          ],
          [
            73.8480301,
            18.5387032
          ],
          [
            73.8480462,
            18.538637
          ]
        ]
      },
      "id": "way/1488589036"
    },
    {
      "type": "Feature",
      "properties": {
        "@id": "way/1488589037",
        "electrified": "contact_line",
        "frequency": "50",
        "gauge": "1435",
        "operator": "Maha Metro",
        "railway": "subway",
        "service": "yard",
        "voltage": "25000"
      },
      "geometry": {
        "type": "LineString",
        "coordinates": [
          [
            73.8478379,
            18.5418714
          ],
          [
            73.8478509,
            18.541592
          ],
          [
            73.8478679,
            18.5414483
          ],
          [
            73.8478866,
            18.5412703
          ],
          [
            73.8480194,
            18.5390414
          ],
          [
            73.8480274,
            18.5389524
          ],
          [
            73.8480395,
            18.5388685
          ],
          [
            73.8480777,
            18.5387127
          ],
          [
            73.8480918,
            18.5386523
          ]
        ]
      },
      "id": "way/1488589037"
    },
    {
      "type": "Feature",
      "properties": {
        "@id": "way/1488589038",
        "electrified": "contact_line",
        "frequency": "50",
        "gauge": "1435",
        "operator": "Maha Metro",
        "railway": "subway",
        "service": "yard",
        "voltage": "25000"
      },
      "geometry": {
        "type": "LineString",
        "coordinates": [
          [
            73.8478379,
            18.5418714
          ],
          [
            73.8478831,
            18.5416522
          ],
          [
            73.8479301,
            18.5414261
          ],
          [
            73.847977,
            18.5412048
          ],
          [
            73.8479993,
            18.5410771
          ],
          [
            73.848014,
            18.5409169
          ],
          [
            73.8480301,
            18.5405799
          ],
          [
            73.8481146,
            18.5390897
          ],
          [
            73.8481213,
            18.5390121
          ],
          [
            73.8481334,
            18.538932
          ],
          [
            73.8481773,
            18.5387332
          ],
          [
            73.8481911,
            18.5386726
          ]
        ]
      },
      "id": "way/1488589038"
    },
    {
      "type": "Feature",
      "properties": {
        "@id": "way/1488589039",
        "electrified": "contact_line",
        "frequency": "50",
        "gauge": "1435",
        "operator": "Maha Metro",
        "railway": "subway",
        "service": "yard",
        "voltage": "25000"
      },
      "geometry": {
        "type": "LineString",
        "coordinates": [
          [
            73.8478831,
            18.5416522
          ],
          [
            73.8479167,
            18.5415475
          ],
          [
            73.8479522,
            18.5414509
          ],
          [
            73.8482607,
            18.540613
          ],
          [
            73.8482822,
            18.5405575
          ]
        ]
      },
      "id": "way/1488589039"
    },
    {
      "type": "Feature",
      "properties": {
        "@id": "way/1488589040",
        "electrified": "contact_line",
        "frequency": "50",
        "gauge": "1435",
        "operator": "Maha Metro",
        "railway": "subway",
        "service": "yard",
        "voltage": "25000"
      },
      "geometry": {
        "type": "LineString",
        "coordinates": [
          [
            73.8486094,
            18.5401153
          ],
          [
            73.8489876,
            18.5390837
          ],
          [
            73.8489977,
            18.5390564
          ]
        ]
      },
      "id": "way/1488589040"
    },
    {
      "type": "Feature",
      "properties": {
        "@id": "way/1488589041",
        "electrified": "contact_line",
        "frequency": "50",
        "gauge": "1435",
        "operator": "Maha Metro",
        "railway": "subway",
        "service": "yard",
        "voltage": "25000"
      },
      "geometry": {
        "type": "LineString",
        "coordinates": [
          [
            73.8480695,
            18.5412131
          ],
          [
            73.8481581,
            18.5410777
          ],
          [
            73.8482613,
            18.5409468
          ],
          [
            73.8484209,
            18.5407878
          ],
          [
            73.8485661,
            18.5406362
          ],
          [
            73.8486358,
            18.5405574
          ],
          [
            73.8486797,
            18.5404977
          ],
          [
            73.848731,
            18.540415
          ],
          [
            73.8488514,
            18.5401618
          ],
          [
            73.8489117,
            18.5400349
          ],
          [
            73.8490583,
            18.5397105
          ],
          [
            73.8498785,
            18.5371338
          ],
          [
            73.8498841,
            18.5371161
          ]
        ]
      },
      "id": "way/1488589041"
    },
    {
      "type": "Feature",
      "properties": {
        "@id": "way/1488589046",
        "electrified": "contact_line",
        "frequency": "50",
        "gauge": "1435",
        "operator": "Maha Metro",
        "railway": "subway",
        "service": "yard",
        "voltage": "25000"
      },
      "geometry": {
        "type": "LineString",
        "coordinates": [
          [
            73.8490583,
            18.5397105
          ],
          [
            73.8488636,
            18.5403406
          ],
          [
            73.8479192,
            18.5442384
          ],
          [
            73.8479074,
            18.5442873
          ]
        ]
      },
      "id": "way/1488589046"
    },
    {
      "type": "Feature",
      "properties": {
        "@id": "way/1488589047",
        "electrified": "contact_line",
        "frequency": "50",
        "gauge": "1435",
        "operator": "Maha Metro",
        "railway": "subway",
        "service": "yard",
        "voltage": "25000"
      },
      "geometry": {
        "type": "LineString",
        "coordinates": [
          [
            73.8482613,
            18.5409468
          ],
          [
            73.848543,
            18.5405644
          ],
          [
            73.8485802,
            18.5405177
          ]
        ]
      },
      "id": "way/1488589047"
    },
    {
      "type": "Feature",
      "properties": {
        "@id": "way/1488589048",
        "electrified": "contact_line",
        "frequency": "50",
        "gauge": "1435",
        "operator": "Maha Metro",
        "railway": "subway",
        "service": "yard",
        "voltage": "25000"
      },
      "geometry": {
        "type": "LineString",
        "coordinates": [
          [
            73.8485334,
            18.5398555
          ],
          [
            73.8485748,
            18.5397463
          ],
          [
            73.8486041,
            18.5396686
          ]
        ]
      },
      "id": "way/1488589048"
    },
    {
      "type": "Feature",
      "properties": {
        "@id": "way/1488589049",
        "covered": "yes",
        "electrified": "contact_line",
        "frequency": "50",
        "gauge": "1435",
        "operator": "Maha Metro",
        "railway": "subway",
        "service": "yard",
        "voltage": "25000"
      },
      "geometry": {
        "type": "LineString",
        "coordinates": [
          [
            73.8482822,
            18.5405575
          ],
          [
            73.8485334,
            18.5398555
          ]
        ]
      },
      "id": "way/1488589049"
    },
    {
      "type": "Feature",
      "properties": {
        "@id": "way/1488589050",
        "electrified": "contact_line",
        "frequency": "50",
        "gauge": "1435",
        "operator": "Maha Metro",
        "railway": "subway",
        "service": "yard",
        "voltage": "25000"
      },
      "geometry": {
        "type": "LineString",
        "coordinates": [
          [
            73.8479522,
            18.5414509
          ],
          [
            73.8479978,
            18.5413492
          ],
          [
            73.8480695,
            18.5412131
          ],
          [
            73.8483666,
            18.5406766
          ],
          [
            73.8484277,
            18.5405619
          ],
          [
            73.8484887,
            18.5404302
          ],
          [
            73.8485201,
            18.5403585
          ]
        ]
      },
      "id": "way/1488589050"
    },
    {
      "type": "Feature",
      "properties": {
        "@id": "way/1488589051",
        "covered": "yes",
        "electrified": "contact_line",
        "frequency": "50",
        "gauge": "1435",
        "operator": "Maha Metro",
        "railway": "subway",
        "service": "yard",
        "voltage": "25000"
      },
      "geometry": {
        "type": "LineString",
        "coordinates": [
          [
            73.8485201,
            18.5403585
          ],
          [
            73.8486094,
            18.5401153
          ]
        ]
      },
      "id": "way/1488589051"
    },
    {
      "type": "Feature",
      "properties": {
        "@id": "way/1488610919",
        "electrified": "contact_line",
        "frequency": "50",
        "gauge": "1435",
        "operator": "Maha Metro",
        "railway": "subway",
        "service": "yard",
        "voltage": "25000"
      },
      "geometry": {
        "type": "LineString",
        "coordinates": [
          [
            73.8477874,
            18.5412675
          ],
          [
            73.8479148,
            18.5390169
          ],
          [
            73.8479282,
            18.5389177
          ],
          [
            73.8479456,
            18.5388135
          ],
          [
            73.8479751,
            18.5386927
          ],
          [
            73.8479926,
            18.5386291
          ]
        ]
      },
      "id": "way/1488610919"
    },
    {
      "type": "Feature",
      "properties": {
        "@id": "way/1488610921",
        "electrified": "contact_line",
        "frequency": "50",
        "gauge": "1435",
        "operator": "Maha Metro",
        "railway": "subway",
        "service": "yard",
        "voltage": "25000"
      },
      "geometry": {
        "type": "LineString",
        "coordinates": [
          [
            73.8479301,
            18.5414261
          ],
          [
            73.847947,
            18.5412703
          ],
          [
            73.8479591,
            18.5410949
          ],
          [
            73.8479698,
            18.5407897
          ],
          [
            73.8480677,
            18.5390655
          ],
          [
            73.8480757,
            18.5389702
          ],
          [
            73.8480878,
            18.5388824
          ],
          [
            73.8481026,
            18.5388074
          ],
          [
            73.8481227,
            18.5387222
          ],
          [
            73.8481361,
            18.5386663
          ]
        ]
      },
      "id": "way/1488610921"
    },
    {
      "type": "Feature",
      "properties": {
        "@id": "way/1488610922",
        "electrified": "contact_line",
        "frequency": "50",
        "gauge": "1435",
        "operator": "Maha Metro",
        "railway": "subway",
        "service": "yard",
        "voltage": "25000"
      },
      "geometry": {
        "type": "LineString",
        "coordinates": [
          [
            73.8480301,
            18.5405799
          ],
          [
            73.8480502,
            18.540421
          ],
          [
            73.8480838,
            18.5402442
          ],
          [
            73.8481012,
            18.5401184
          ],
          [
            73.8481119,
            18.5399594
          ],
          [
            73.848124,
            18.5397127
          ],
          [
            73.8481428,
            18.5393682
          ],
          [
            73.8481642,
            18.5390655
          ],
          [
            73.8481709,
            18.5390007
          ],
          [
            73.8481817,
            18.538932
          ],
          [
            73.8482274,
            18.5387422
          ],
          [
            73.848242,
            18.5386815
          ]
        ]
      },
      "id": "way/1488610922"
    },
    {
      "type": "Feature",
      "properties": {
        "@id": "way/1488610923",
        "electrified": "contact_line",
        "frequency": "50",
        "gauge": "1435",
        "operator": "Maha Metro",
        "railway": "subway",
        "service": "yard",
        "voltage": "25000"
      },
      "geometry": {
        "type": "LineString",
        "coordinates": [
          [
            73.8481428,
            18.5393682
          ],
          [
            73.8484475,
            18.5380511
          ],
          [
            73.8484613,
            18.5379916
          ]
        ]
      },
      "id": "way/1488610923"
    },
    {
      "type": "Feature",
      "properties": {
        "@id": "way/1488610924",
        "electrified": "contact_line",
        "frequency": "50",
        "gauge": "1435",
        "operator": "Maha Metro",
        "railway": "subway",
        "service": "yard",
        "voltage": "25000"
      },
      "geometry": {
        "type": "LineString",
        "coordinates": [
          [
            73.848124,
            18.5397127
          ],
          [
            73.8481663,
            18.5394589
          ],
          [
            73.8484981,
            18.5380603
          ],
          [
            73.8485123,
            18.5380005
          ]
        ]
      },
      "id": "way/1488610924"
    },
    {
      "type": "Feature",
      "properties": {
        "@id": "way/1488610925",
        "electrified": "contact_line",
        "frequency": "50",
        "gauge": "1435",
        "operator": "Maha Metro",
        "railway": "subway",
        "service": "yard",
        "voltage": "25000"
      },
      "geometry": {
        "type": "LineString",
        "coordinates": [
          [
            73.8481119,
            18.5399594
          ],
          [
            73.8481488,
            18.539724
          ],
          [
            73.8481864,
            18.5395409
          ],
          [
            73.8485485,
            18.5380698
          ],
          [
            73.8485632,
            18.53801
          ]
        ]
      },
      "id": "way/1488610925"
    },
    {
      "type": "Feature",
      "properties": {
        "@id": "way/1488610926",
        "electrified": "contact_line",
        "frequency": "50",
        "gauge": "1435",
        "operator": "Maha Metro",
        "railway": "subway",
        "service": "yard",
        "voltage": "25000"
      },
      "geometry": {
        "type": "LineString",
        "coordinates": [
          [
            73.8481864,
            18.5395409
          ],
          [
            73.8482548,
            18.5393527
          ],
          [
            73.8483567,
            18.5391048
          ],
          [
            73.8484224,
            18.5389471
          ],
          [
            73.8484645,
            18.5387898
          ]
        ]
      },
      "id": "way/1488610926"
    },
    {
      "type": "Feature",
      "properties": {
        "@id": "way/1488610927",
        "electrified": "contact_line",
        "frequency": "50",
        "gauge": "1435",
        "operator": "Maha Metro",
        "railway": "subway",
        "service": "yard",
        "voltage": "25000"
      },
      "geometry": {
        "type": "LineString",
        "coordinates": [
          [
            73.8480838,
            18.5402442
          ],
          [
            73.8481421,
            18.5399783
          ],
          [
            73.8482105,
            18.5396605
          ],
          [
            73.8482427,
            18.5395333
          ],
          [
            73.8482856,
            18.5394151
          ],
          [
            73.8483419,
            18.5393133
          ],
          [
            73.848413,
            18.5391747
          ],
          [
            73.8484559,
            18.539073
          ],
          [
            73.8484935,
            18.5389509
          ],
          [
            73.8485313,
            18.5388051
          ]
        ]
      },
      "id": "way/1488610927"
    },
    {
      "type": "Feature",
      "properties": {
        "@id": "way/1488610928",
        "electrified": "contact_line",
        "frequency": "50",
        "gauge": "1435",
        "operator": "Maha Metro",
        "railway": "subway",
        "service": "yard",
        "voltage": "25000"
      },
      "geometry": {
        "type": "LineString",
        "coordinates": [
          [
            73.8481421,
            18.5399783
          ],
          [
            73.8482132,
            18.5397456
          ],
          [
            73.8482628,
            18.539621
          ],
          [
            73.8483366,
            18.5394913
          ],
          [
            73.848413,
            18.5393629
          ],
          [
            73.8484707,
            18.5392536
          ],
          [
            73.8485015,
            18.5391785
          ],
          [
            73.8485337,
            18.5390768
          ],
          [
            73.8485971,
            18.5388202
          ]
        ]
      },
      "id": "way/1488610928"
    },
    {
      "type": "Feature",
      "properties": {
        "@id": "way/1488610929",
        "electrified": "contact_line",
        "frequency": "50",
        "gauge": "1435",
        "operator": "Maha Metro",
        "railway": "subway",
        "service": "yard",
        "voltage": "25000"
      },
      "geometry": {
        "type": "LineString",
        "coordinates": [
          [
            73.847977,
            18.5412048
          ],
          [
            73.8480254,
            18.5409663
          ],
          [
            73.8480791,
            18.5407171
          ],
          [
            73.8480979,
            18.5405594
          ],
          [
            73.8481086,
            18.5404017
          ],
          [
            73.8481247,
            18.5402568
          ],
          [
            73.8481569,
            18.5401233
          ],
          [
            73.8482038,
            18.5399974
          ],
          [
            73.8482682,
            18.5398817
          ],
          [
            73.8483446,
            18.5397558
          ],
          [
            73.8484063,
            18.5396325
          ],
          [
            73.848464,
            18.5395028
          ],
          [
            73.848578,
            18.5392294
          ],
          [
            73.8486383,
            18.5390387
          ],
          [
            73.8486874,
            18.5388409
          ]
        ]
      },
      "id": "way/1488610929"
    },
    {
      "type": "Feature",
      "properties": {
        "@id": "way/1488610930",
        "electrified": "contact_line",
        "frequency": "50",
        "gauge": "1435",
        "operator": "Maha Metro",
        "railway": "subway",
        "service": "yard",
        "voltage": "25000"
      },
      "geometry": {
        "type": "LineString",
        "coordinates": [
          [
            73.8483446,
            18.5397558
          ],
          [
            73.8486142,
            18.5393108
          ],
          [
            73.8486826,
            18.5391824
          ],
          [
            73.8487335,
            18.5390679
          ],
          [
            73.848755,
            18.5389904
          ],
          [
            73.8487845,
            18.5388631
          ]
        ]
      },
      "id": "way/1488610930"
    },
    {
      "type": "Feature",
      "properties": {
        "@id": "way/1488610931",
        "electrified": "contact_line",
        "frequency": "50",
        "gauge": "1435",
        "operator": "Maha Metro",
        "railway": "subway",
        "service": "yard",
        "voltage": "25000"
      },
      "geometry": {
        "type": "LineString",
        "coordinates": [
          [
            73.8480791,
            18.5407171
          ],
          [
            73.8481931,
            18.5401945
          ],
          [
            73.8482239,
            18.5400953
          ],
          [
            73.8482615,
            18.5400038
          ],
          [
            73.8483165,
            18.5399059
          ],
          [
            73.8483795,
            18.5398156
          ],
          [
            73.8485377,
            18.5396287
          ],
          [
            73.8486343,
            18.5395028
          ],
          [
            73.8487282,
            18.5393655
          ],
          [
            73.8487966,
            18.5392345
          ],
          [
            73.8488489,
            18.5391035
          ],
          [
            73.8489018,
            18.5388899
          ]
        ]
      },
      "id": "way/1488610931"
    },
    {
      "type": "Feature",
      "properties": {
        "@id": "way/1488610932",
        "electrified": "contact_line",
        "frequency": "50",
        "gauge": "1435",
        "operator": "Maha Metro",
        "railway": "subway",
        "service": "yard",
        "voltage": "25000"
      },
      "geometry": {
        "type": "LineString",
        "coordinates": [
          [
            73.8485377,
            18.5396287
          ],
          [
            73.8487215,
            18.539429
          ],
          [
            73.848814,
            18.539307
          ],
          [
            73.8488837,
            18.5391938
          ],
          [
            73.8489334,
            18.5390845
          ],
          [
            73.8489818,
            18.5389082
          ]
        ]
      },
      "id": "way/1488610932"
    },
    {
      "type": "Feature",
      "properties": {
        "@id": "way/1488610935",
        "covered": "yes",
        "electrified": "contact_line",
        "frequency": "50",
        "gauge": "1435",
        "operator": "Maha Metro",
        "railway": "subway",
        "service": "yard",
        "voltage": "25000"
      },
      "geometry": {
        "type": "LineString",
        "coordinates": [
          [
            73.8489818,
            18.5389082
          ],
          [
            73.849164,
            18.5381385
          ]
        ]
      },
      "id": "way/1488610935"
    },
    {
      "type": "Feature",
      "properties": {
        "@id": "way/1488610936",
        "covered": "yes",
        "electrified": "contact_line",
        "frequency": "50",
        "gauge": "1435",
        "operator": "Maha Metro",
        "railway": "subway",
        "service": "yard",
        "voltage": "25000"
      },
      "geometry": {
        "type": "LineString",
        "coordinates": [
          [
            73.8489018,
            18.5388899
          ],
          [
            73.8490809,
            18.5381219
          ]
        ]
      },
      "id": "way/1488610936"
    },
    {
      "type": "Feature",
      "properties": {
        "@id": "way/1488610937",
        "covered": "yes",
        "electrified": "contact_line",
        "frequency": "50",
        "gauge": "1435",
        "operator": "Maha Metro",
        "railway": "subway",
        "service": "yard",
        "voltage": "25000"
      },
      "geometry": {
        "type": "LineString",
        "coordinates": [
          [
            73.8487845,
            18.5388631
          ],
          [
            73.8489656,
            18.5380965
          ]
        ]
      },
      "id": "way/1488610937"
    },
    {
      "type": "Feature",
      "properties": {
        "@id": "way/1488610938",
        "covered": "yes",
        "electrified": "contact_line",
        "frequency": "50",
        "gauge": "1435",
        "operator": "Maha Metro",
        "railway": "subway",
        "service": "yard",
        "voltage": "25000"
      },
      "geometry": {
        "type": "LineString",
        "coordinates": [
          [
            73.8486874,
            18.5388409
          ],
          [
            73.8488663,
            18.5380761
          ]
        ]
      },
      "id": "way/1488610938"
    },
    {
      "type": "Feature",
      "properties": {
        "@id": "way/1488610939",
        "covered": "yes",
        "electrified": "contact_line",
        "frequency": "50",
        "gauge": "1435",
        "operator": "Maha Metro",
        "railway": "subway",
        "service": "yard",
        "voltage": "25000"
      },
      "geometry": {
        "type": "LineString",
        "coordinates": [
          [
            73.8485971,
            18.5388202
          ],
          [
            73.8487778,
            18.5380596
          ]
        ]
      },
      "id": "way/1488610939"
    },
    {
      "type": "Feature",
      "properties": {
        "@id": "way/1488610940",
        "covered": "yes",
        "electrified": "contact_line",
        "frequency": "50",
        "gauge": "1435",
        "operator": "Maha Metro",
        "railway": "subway",
        "service": "yard",
        "voltage": "25000"
      },
      "geometry": {
        "type": "LineString",
        "coordinates": [
          [
            73.8485313,
            18.5388051
          ],
          [
            73.8487148,
            18.5380469
          ]
        ]
      },
      "id": "way/1488610940"
    },
    {
      "type": "Feature",
      "properties": {
        "@id": "way/1488610941",
        "covered": "yes",
        "electrified": "contact_line",
        "frequency": "50",
        "gauge": "1435",
        "operator": "Maha Metro",
        "railway": "subway",
        "service": "yard",
        "voltage": "25000"
      },
      "geometry": {
        "type": "LineString",
        "coordinates": [
          [
            73.8484645,
            18.5387898
          ],
          [
            73.8486531,
            18.5380342
          ]
        ]
      },
      "id": "way/1488610941"
    },
    {
      "type": "Feature",
      "properties": {
        "@id": "way/1488674764",
        "electrified": "contact_line",
        "frequency": "50",
        "gauge": "1435",
        "layer": "-2",
        "name": "Pune Metro Purple Line",
        "operator": "Maha Metro",
        "railway": "subway",
        "service": "crossover",
        "start_date": "2024-09-29",
        "tunnel": "yes",
        "voltage": "25000"
      },
      "geometry": {
        "type": "LineString",
        "coordinates": [
          [
            73.8578346,
            18.5016481
          ],
          [
            73.8577696,
            18.5010981
          ],
          [
            73.8577051,
            18.5005522
          ]
        ]
      },
      "id": "way/1488674764"
    },
    {
      "type": "Feature",
      "properties": {
        "@id": "way/1488674765",
        "electrified": "contact_line",
        "frequency": "50",
        "gauge": "1435",
        "layer": "-2",
        "name": "Pune Metro Purple Line",
        "operator": "Maha Metro",
        "railway": "subway",
        "service": "crossover",
        "start_date": "2024-09-29",
        "tunnel": "yes",
        "voltage": "25000"
      },
      "geometry": {
        "type": "LineString",
        "coordinates": [
          [
            73.8579457,
            18.5016249
          ],
          [
            73.8577696,
            18.5010981
          ],
          [
            73.8575924,
            18.500568
          ]
        ]
      },
      "id": "way/1488674765"
    },
    {
      "type": "Feature",
      "properties": {
        "@id": "way/1488678323",
        "electrified": "contact_line",
        "frequency": "50",
        "gauge": "1435",
        "layer": "-2",
        "name": "Pune Metro Purple Line",
        "operator": "Maha Metro",
        "railway": "subway",
        "service": "crossover",
        "start_date": "2023-08-01",
        "tunnel": "yes",
        "voltage": "25000"
      },
      "geometry": {
        "type": "LineString",
        "coordinates": [
          [
            73.85495,
            18.5272624
          ],
          [
            73.8555499,
            18.5271604
          ],
          [
            73.8561431,
            18.5270596
          ]
        ]
      },
      "id": "way/1488678323"
    },
    {
      "type": "Feature",
      "properties": {
        "@id": "way/1488678324",
        "electrified": "contact_line",
        "frequency": "50",
        "gauge": "1435",
        "layer": "-2",
        "name": "Pune Metro Purple Line",
        "operator": "Maha Metro",
        "railway": "subway",
        "service": "crossover",
        "start_date": "2023-08-01",
        "tunnel": "yes",
        "voltage": "25000"
      },
      "geometry": {
        "type": "LineString",
        "coordinates": [
          [
            73.85498,
            18.52738
          ],
          [
            73.8555499,
            18.5271604
          ],
          [
            73.8561145,
            18.5269429
          ]
        ]
      },
      "id": "way/1488678324"
    },
    {
      "type": "Feature",
      "properties": {
        "@id": "way/1488780242",
        "bridge": "viaduct",
        "electrified": "contact_line",
        "frequency": "50",
        "gauge": "1435",
        "layer": "1",
        "name": "Pune Metro Line 1: Purple Line",
        "operator": "MahaMetro",
        "railway": "subway",
        "usage": "main",
        "voltage": "25000",
        "wikidata": "Q59155676",
        "wikipedia": "en:Purple Line (Pune Metro)"
      },
      "geometry": {
        "type": "LineString",
        "coordinates": [
          [
            73.8424638,
            18.5617622
          ],
          [
            73.842739,
            18.561357
          ],
          [
            73.8429387,
            18.5610529
          ],
          [
            73.8431981,
            18.5606122
          ],
          [
            73.8434224,
            18.560199
          ],
          [
            73.8435752,
            18.5599618
          ],
          [
            73.8437509,
            18.5597145
          ],
          [
            73.8439896,
            18.5594133
          ],
          [
            73.8441905,
            18.5591535
          ],
          [
            73.844254,
            18.5590597
          ],
          [
            73.8443281,
            18.558934
          ],
          [
            73.8443901,
            18.5588051
          ],
          [
            73.8444511,
            18.5586261
          ],
          [
            73.8444806,
            18.5585105
          ],
          [
            73.8444993,
            18.5583887
          ],
          [
            73.844508,
            18.5582695
          ],
          [
            73.8445128,
            18.558142
          ],
          [
            73.8445081,
            18.5579685
          ],
          [
            73.8444919,
            18.5577969
          ],
          [
            73.8444516,
            18.5575244
          ],
          [
            73.8443476,
            18.5568013
          ],
          [
            73.8443145,
            18.5565841
          ],
          [
            73.8442981,
            18.5563907
          ],
          [
            73.8442964,
            18.5562426
          ],
          [
            73.844307,
            18.5560847
          ],
          [
            73.8443455,
            18.5558788
          ],
          [
            73.8444058,
            18.5556528
          ],
          [
            73.8445148,
            18.5552937
          ],
          [
            73.8447275,
            18.5547765
          ],
          [
            73.8448757,
            18.5542766
          ],
          [
            73.845355,
            18.5523942
          ],
          [
            73.8454561,
            18.5519325
          ],
          [
            73.845537,
            18.5514747
          ],
          [
            73.8456798,
            18.5509267
          ],
          [
            73.8458355,
            18.5502975
          ],
          [
            73.8459897,
            18.5496744
          ],
          [
            73.8460239,
            18.5495389
          ],
          [
            73.8461283,
            18.5491248
          ],
          [
            73.846148,
            18.5490465
          ],
          [
            73.8462803,
            18.5485215
          ],
          [
            73.8464887,
            18.547701
          ],
          [
            73.8466316,
            18.5472042
          ],
          [
            73.8467835,
            18.5467722
          ],
          [
            73.8469131,
            18.546443
          ],
          [
            73.8471242,
            18.5458709
          ],
          [
            73.8472134,
            18.5456155
          ],
          [
            73.8473008,
            18.545331
          ],
          [
            73.8473442,
            18.5451604
          ],
          [
            73.8473871,
            18.5449547
          ],
          [
            73.8474142,
            18.544778
          ]
        ]
      },
      "id": "way/1488780242"
    },
    {
      "type": "Feature",
      "properties": {
        "@id": "way/1488780243",
        "bridge": "viaduct",
        "electrified": "contact_line",
        "frequency": "50",
        "gauge": "1435",
        "layer": "1",
        "name": "Pune Metro Line 1: Purple Line",
        "operator": "MahaMetro",
        "railway": "subway",
        "usage": "main",
        "voltage": "25000",
        "wikidata": "Q59155676",
        "wikipedia": "en:Purple Line (Pune Metro)"
      },
      "geometry": {
        "type": "LineString",
        "coordinates": [
          [
            73.8473756,
            18.5447727
          ],
          [
            73.8473489,
            18.5449417
          ],
          [
            73.8473079,
            18.5451439
          ],
          [
            73.8472616,
            18.5453186
          ],
          [
            73.8471724,
            18.5456052
          ],
          [
            73.847086,
            18.5458586
          ],
          [
            73.846876,
            18.5464281
          ],
          [
            73.8467314,
            18.5467937
          ],
          [
            73.8465907,
            18.5471926
          ],
          [
            73.8464472,
            18.5476899
          ],
          [
            73.8462373,
            18.5485081
          ],
          [
            73.8461572,
            18.5488273
          ],
          [
            73.8460805,
            18.54912
          ],
          [
            73.8459747,
            18.5495278
          ],
          [
            73.8459396,
            18.5496631
          ],
          [
            73.8457857,
            18.5502871
          ],
          [
            73.8456307,
            18.5509155
          ],
          [
            73.845491,
            18.5514687
          ],
          [
            73.8454135,
            18.5519273
          ],
          [
            73.8453092,
            18.5523935
          ],
          [
            73.8451109,
            18.5532586
          ],
          [
            73.8448477,
            18.5542374
          ],
          [
            73.8446466,
            18.5548643
          ],
          [
            73.8444674,
            18.5552793
          ],
          [
            73.8443501,
            18.5556457
          ],
          [
            73.8442857,
            18.5558795
          ],
          [
            73.8442577,
            18.5560667
          ],
          [
            73.8442444,
            18.5562316
          ],
          [
            73.8442462,
            18.5563959
          ],
          [
            73.844261,
            18.5565722
          ],
          [
            73.8442982,
            18.5568085
          ],
          [
            73.8444038,
            18.5575246
          ],
          [
            73.8444462,
            18.5577932
          ],
          [
            73.8444671,
            18.5579664
          ],
          [
            73.8444715,
            18.5581307
          ],
          [
            73.8444699,
            18.5582554
          ],
          [
            73.8444593,
            18.5583723
          ],
          [
            73.8444401,
            18.5584886
          ],
          [
            73.8444109,
            18.5586156
          ],
          [
            73.8443526,
            18.5587888
          ],
          [
            73.8442873,
            18.5589207
          ],
          [
            73.8442193,
            18.5590391
          ],
          [
            73.8441545,
            18.5591392
          ],
          [
            73.8439558,
            18.5593936
          ],
          [
            73.8437154,
            18.5597019
          ],
          [
            73.8435384,
            18.5599469
          ],
          [
            73.8433866,
            18.5601837
          ],
          [
            73.8431612,
            18.5605918
          ],
          [
            73.8429051,
            18.5610286
          ],
          [
            73.8426931,
            18.5613463
          ],
          [
            73.8424249,
            18.5617379
          ]
        ]
      },
      "id": "way/1488780243"
    },
    {
      "type": "Feature",
      "properties": {
        "@id": "way/1488780244",
        "bridge": "viaduct",
        "covered": "yes",
        "electrified": "contact_line",
        "frequency": "50",
        "gauge": "1435",
        "layer": "1",
        "name": "Pune Metro Line 1: Purple Line",
        "operator": "MahaMetro",
        "railway": "subway",
        "usage": "main",
        "voltage": "25000",
        "wikidata": "Q59155676",
        "wikipedia": "en:Purple Line (Pune Metro)"
      },
      "geometry": {
        "type": "LineString",
        "coordinates": [
          [
            73.8378922,
            18.5702689
          ],
          [
            73.8383146,
            18.5691669
          ],
          [
            73.8383461,
            18.5690844
          ]
        ]
      },
      "id": "way/1488780244"
    },
    {
      "type": "Feature",
      "properties": {
        "@id": "way/1488780245",
        "bridge": "viaduct",
        "covered": "yes",
        "electrified": "contact_line",
        "frequency": "50",
        "gauge": "1435",
        "layer": "1",
        "name": "Pune Metro Line 1: Purple Line",
        "operator": "MahaMetro",
        "railway": "subway",
        "usage": "main",
        "voltage": "25000",
        "wikidata": "Q59155676",
        "wikipedia": "en:Purple Line (Pune Metro)"
      },
      "geometry": {
        "type": "LineString",
        "coordinates": [
          [
            73.8383046,
            18.5690701
          ],
          [
            73.8378981,
            18.5701403
          ],
          [
            73.8378529,
            18.5702554
          ]
        ]
      },
      "id": "way/1488780245"
    },
    {
      "type": "Feature",
      "properties": {
        "@id": "way/1488780246",
        "bridge": "viaduct",
        "electrified": "contact_line",
        "frequency": "50",
        "gauge": "1435",
        "layer": "1",
        "name": "Pune Metro Line 1: Purple Line",
        "operator": "MahaMetro",
        "railway": "subway",
        "usage": "main",
        "voltage": "25000",
        "wikidata": "Q59155676",
        "wikipedia": "en:Purple Line (Pune Metro)"
      },
      "geometry": {
        "type": "LineString",
        "coordinates": [
          [
            73.8416864,
            18.5627898
          ],
          [
            73.841135,
            18.5635634
          ],
          [
            73.8405426,
            18.5643703
          ],
          [
            73.8399647,
            18.5651947
          ],
          [
            73.8397819,
            18.5654492
          ],
          [
            73.83964,
            18.5656836
          ],
          [
            73.8395218,
            18.5659042
          ],
          [
            73.8393884,
            18.566202
          ],
          [
            73.8391335,
            18.5668708
          ],
          [
            73.8389351,
            18.5673929
          ],
          [
            73.8387617,
            18.5678428
          ],
          [
            73.8386026,
            18.5682639
          ],
          [
            73.8385049,
            18.5685352
          ],
          [
            73.8383046,
            18.5690701
          ]
        ]
      },
      "id": "way/1488780246"
    },
    {
      "type": "Feature",
      "properties": {
        "@id": "way/1488780247",
        "bridge": "viaduct",
        "electrified": "contact_line",
        "frequency": "50",
        "gauge": "1435",
        "layer": "1",
        "name": "Pune Metro Line 1: Purple Line",
        "operator": "MahaMetro",
        "railway": "subway",
        "usage": "main",
        "voltage": "25000",
        "wikidata": "Q59155676",
        "wikipedia": "en:Purple Line (Pune Metro)"
      },
      "geometry": {
        "type": "LineString",
        "coordinates": [
          [
            73.8383461,
            18.5690844
          ],
          [
            73.8386466,
            18.5682817
          ],
          [
            73.8389845,
            18.5674117
          ],
          [
            73.8391894,
            18.566886
          ],
          [
            73.8395579,
            18.5659605
          ],
          [
            73.8396766,
            18.565734
          ],
          [
            73.8398357,
            18.5654805
          ],
          [
            73.8400273,
            18.5652078
          ],
          [
            73.8405923,
            18.5643948
          ],
          [
            73.8411748,
            18.5635868
          ],
          [
            73.8417263,
            18.5628148
          ]
        ]
      },
      "id": "way/1488780247"
    },
    {
      "type": "Feature",
      "properties": {
        "@id": "way/1488780248",
        "bridge": "viaduct",
        "covered": "yes",
        "electrified": "contact_line",
        "frequency": "50",
        "gauge": "1435",
        "layer": "2",
        "name": "Pune Metro Line 1: Purple Line",
        "operator": "MahaMetro",
        "railway": "subway",
        "usage": "main",
        "voltage": "25000",
        "wikidata": "Q59155676",
        "wikipedia": "en:Purple Line (Pune Metro)"
      },
      "geometry": {
        "type": "LineString",
        "coordinates": [
          [
            73.8424249,
            18.5617379
          ],
          [
            73.8420645,
            18.5622512
          ],
          [
            73.8416864,
            18.5627898
          ]
        ]
      },
      "id": "way/1488780248"
    },
    {
      "type": "Feature",
      "properties": {
        "@id": "way/1488780249",
        "bridge": "viaduct",
        "covered": "yes",
        "electrified": "contact_line",
        "frequency": "50",
        "gauge": "1435",
        "layer": "2",
        "name": "Pune Metro Line 1: Purple Line",
        "operator": "MahaMetro",
        "railway": "subway",
        "usage": "main",
        "voltage": "25000",
        "wikidata": "Q59155676",
        "wikipedia": "en:Purple Line (Pune Metro)"
      },
      "geometry": {
        "type": "LineString",
        "coordinates": [
          [
            73.8417263,
            18.5628148
          ],
          [
            73.8421051,
            18.5622741
          ],
          [
            73.8424638,
            18.5617622
          ]
        ]
      },
      "id": "way/1488780249"
    },
    {
      "type": "Feature",
      "properties": {
        "@id": "way/1489080773",
        "bridge": "viaduct",
        "electrified": "contact_line",
        "frequency": "50",
        "gauge": "1435",
        "layer": "2",
        "name": "Pune Metro Aqua Line",
        "operator": "Maha Metro",
        "railway": "subway",
        "service": "crossover",
        "voltage": "25000"
      },
      "geometry": {
        "type": "LineString",
        "coordinates": [
          [
            73.9098244,
            18.5578013
          ],
          [
            73.9104007,
            18.5581411
          ]
        ]
      },
      "id": "way/1489080773"
    },
    {
      "type": "Feature",
      "properties": {
        "@id": "way/1489080774",
        "bridge": "yes",
        "covered": "yes",
        "electrified": "contact_line",
        "frequency": "50",
        "gauge": "1435",
        "layer": "2",
        "name": "Pune Metro Line 2: Aqua Line",
        "operator": "MahaMetro",
        "railway": "subway",
        "usage": "main",
        "voltage": "25000"
      },
      "geometry": {
        "type": "LineString",
        "coordinates": [
          [
            73.9089798,
            18.5573419
          ],
          [
            73.9091302,
            18.5574446
          ]
        ]
      },
      "id": "way/1489080774"
    },
    {
      "type": "Feature",
      "properties": {
        "@id": "way/1489080775",
        "bridge": "yes",
        "covered": "yes",
        "electrified": "contact_line",
        "frequency": "50",
        "gauge": "1435",
        "layer": "2",
        "name": "Pune Metro Line 2: Aqua Line",
        "operator": "MahaMetro",
        "railway": "subway",
        "usage": "main",
        "voltage": "25000"
      },
      "geometry": {
        "type": "LineString",
        "coordinates": [
          [
            73.9081249,
            18.5567271
          ],
          [
            73.9091278,
            18.5573834
          ],
          [
            73.9091586,
            18.5574051
          ]
        ]
      },
      "id": "way/1489080775"
    },
    {
      "type": "Feature",
      "properties": {
        "@id": "way/1489080776",
        "bridge": "viaduct",
        "covered": "yes",
        "electrified": "contact_line",
        "frequency": "50",
        "gauge": "1435",
        "layer": "2",
        "name": "Pune Metro Line 2: Aqua Line",
        "operator": "MahaMetro",
        "railway": "subway",
        "usage": "main",
        "voltage": "25000"
      },
      "geometry": {
        "type": "LineString",
        "coordinates": [
          [
            73.9079855,
            18.5566863
          ],
          [
            73.9089798,
            18.5573419
          ]
        ]
      },
      "id": "way/1489080776"
    },
    {
      "type": "Feature",
      "properties": {
        "@id": "way/1489080777",
        "bridge": "viaduct",
        "electrified": "contact_line",
        "frequency": "50",
        "gauge": "1435",
        "layer": "2",
        "name": "Pune Metro Aqua Line",
        "operator": "Maha Metro",
        "railway": "subway",
        "service": "crossover",
        "voltage": "25000"
      },
      "geometry": {
        "type": "LineString",
        "coordinates": [
          [
            73.9068544,
            18.5557679
          ],
          [
            73.9073026,
            18.5561094
          ]
        ]
      },
      "id": "way/1489080777"
    },
    {
      "type": "Feature",
      "properties": {
        "@id": "way/1489774105",
        "bridge": "viaduct",
        "electrified": "contact_line",
        "frequency": "50",
        "gauge": "1435",
        "layer": "2",
        "name": "Pune Metro Aqua Line",
        "operator": "Maha Meetro",
        "railway": "subway",
        "service": "crossover",
        "voltage": "25000"
      },
      "geometry": {
        "type": "LineString",
        "coordinates": [
          [
            73.8010591,
            18.5073537
          ],
          [
            73.8002352,
            18.5074075
          ]
        ]
      },
      "id": "way/1489774105"
    },
    {
      "type": "Feature",
      "properties": {
        "@id": "way/1489791263",
        "bridge": "viaduct",
        "electrified": "contact_line",
        "frequency": "50",
        "gauge": "1435",
        "layer": "2",
        "name": "Pune Metro Aqua Line",
        "operator": "Maha Metro",
        "railway": "subway",
        "service": "crossover",
        "voltage": "25000"
      },
      "geometry": {
        "type": "LineString",
        "coordinates": [
          [
            73.866022,
            18.5300951
          ],
          [
            73.8665802,
            18.5301596
          ]
        ]
      },
      "id": "way/1489791263"
    },
    {
      "type": "Feature",
      "properties": {
        "@id": "way/1489791264",
        "bridge": "viaduct",
        "electrified": "contact_line",
        "frequency": "50",
        "gauge": "1435",
        "layer": "2",
        "name": "Pune Metro Aqua Line",
        "operator": "Maha Metro",
        "railway": "subway",
        "service": "yard",
        "voltage": "25000"
      },
      "geometry": {
        "type": "LineString",
        "coordinates": [
          [
            73.8668338,
            18.5301717
          ],
          [
            73.8675457,
            18.5302451
          ],
          [
            73.8677885,
            18.5302515
          ],
          [
            73.8679682,
            18.5302477
          ],
          [
            73.8681586,
            18.5302324
          ],
          [
            73.8683558,
            18.530207
          ],
          [
            73.8685355,
            18.5301701
          ],
          [
            73.8687031,
            18.5301281
          ],
          [
            73.8690585,
            18.530015
          ],
          [
            73.8691712,
            18.5299781
          ]
        ]
      },
      "id": "way/1489791264"
    },
    {
      "type": "Feature",
      "properties": {
        "@id": "way/1489791265",
        "bridge": "viaduct",
        "electrified": "contact_line",
        "frequency": "50",
        "gauge": "1435",
        "layer": "2",
        "name": "Pune Metro Aqua Line",
        "operator": "Maha Metro",
        "railway": "subway",
        "service": "yard",
        "voltage": "25000"
      },
      "geometry": {
        "type": "LineString",
        "coordinates": [
          [
            73.8675457,
            18.5302451
          ],
          [
            73.8669328,
            18.5302164
          ],
          [
            73.866733,
            18.530207
          ]
        ]
      },
      "id": "way/1489791265"
    },
    {
      "type": "Feature",
      "properties": {
        "@id": "way/1489794210",
        "bridge": "viaduct",
        "electrified": "contact_line",
        "frequency": "50",
        "gauge": "1435",
        "layer": "2",
        "name": "Pune Metro Aqua Line",
        "operator": "Maha Metro",
        "railway": "subway",
        "service": "crossover",
        "voltage": "25000"
      },
      "geometry": {
        "type": "LineString",
        "coordinates": [
          [
            73.8825296,
            18.5392059
          ],
          [
            73.8828274,
            18.539613
          ]
        ]
      },
      "id": "way/1489794210"
    }
  ]
}